cpu,ram,disk,net_mbps,status
77.39560485559633,84.62990270828072,50.992874059756396,87.36587319818912,1
43.88784397520523,63.4686388256069,20.6972190613207,24.605698048682545,0
85.85979199113825,32.036927247434434,61.22560840648987,48.89640742999828,1
69.73680290593639,77.11075005942698,24.07859452300287,2.971721335643329,1
9.417734788764953,17.603280610936476,15.486250050807039,0.8880193266448844,0
97.5622351636756,79.69760510039048,54.88010500859748,70.54532209394645,2
76.1139701990353,63.09867000187122,68.98361050419652,11.829362246560072,1
78.60643052769538,19.967528655676144,86.87325757657537,54.78082371108176,1
12.811363267554587,17.15550067831332,80.45519985588733,69.600748221002,0
45.038593789556714,77.57527000928162,87.15164614808934,3.223458622963926,1
37.07980242325812,36.364231585345344,78.40618937388015,44.874139914568204,0
92.67649888486018,90.0371665690492,73.29154572155254,68.41519369858398,2
64.38651200806646,78.58657189271584,10.912381222662967,88.973098785485,1
82.276161327083,72.83712202459444,66.34920806282895,29.923010060165645,1
44.34141988273311,35.074544737010584,20.84336237252059,97.42165296843302,1
22.723872178477688,73.80500671194562,15.280041909928695,84.45414996596973,0
55.45847870158348,95.33329160633507,24.077093689508985,65.06350720818543,2
6.381725610417533,18.2403850933512,84.09629452975751,39.19255072461312,0
82.7631171992582,39.35463778032094,76.94644537900193,71.11103761994985,1
63.166439912206485,31.12050389154347,95.38951646846911,81.61932690703534,2
75.80877400853738,45.39251209606,98.10786327853694,30.32998748865573,2
35.45259681298683,76.80993893685518,90.3955587736584,99.28300649070293,1
97.06980243949033,52.68183232828479,21.963344587929925,90.86193697546389,2
89.31211213221977,61.36575455082217,89.05444668324823,48.550144034292266,1
77.83834970737618,38.27393992705081,85.47734213097807,72.28299157753952,1
19.463870785196757,22.71603403783905,88.39772738737275,52.40088946187819,1
46.67210037270342,34.024028404395565,23.65170554048423,76.09305521970262,0
4.380376578722878,87.37122711177884,20.51126449959858,82.69822038779814,1
15.428949206754783,64.21752659380694,93.14279916256734,2.3222555157042524,1
68.30489532424546,44.01898058775104,25.644398422105407,7.913202970064925,0
74.47621559078172,81.09153835620288,43.175955793834106,33.6467415876727,1
96.750973243421,15.801168920941787,51.038636454465426,91.76136326323495,2
32.58253581381519,32.85019791301471,21.1998275046608,39.827358314338966,0
37.045970603486886,30.709283865160536,11.857085922929267,88.75122152019243,1
46.95558112758079,98.68281059513998,99.46814227904045,46.24339126317529,2
18.94713590842857,73.54887241534843,88.8991520351465,28.885292031157338,1
12.992150533547164,65.60073427496988,92.11041364155736,90.06451830624952,1
47.57049262259338,10.448646876502561,35.61067623449067,56.06707689186775,0
22.69093490508841,26.587900188087165,29.809141547089517,36.04842950300413,0
66.98139946825104,67.19871636757705,48.3279902357884,4.44070036278168,0
43.715191887233075,44.174739383349916,50.79874320802062,11.09331324482239,0
83.26781960578374,93.18523453111547,10.503949497781658,13.93103276415305,2
70.0265102002249,78.82517972275821,80.13278013038496,36.48362904106063,1
31.236664138204105,50.264566552370795,99.70003343278155,60.7332955744344,2
83.2259801395201,77.45634797844434,57.582178309188045,30.759011442192985,1
80.47643574968019,97.78638914435994,44.94328255112061,6.552763376480019,2
38.74783790301745,51.48827422313236,45.347670389908295,26.48087373173338,0
28.83281039302441,67.827329909968,18.64694189548906,40.86816508996102,0
68.24955039749754,92.67981535551657,33.95456365276106,99.22699286723291,2
13.97524836093098,32.3807195832556,55.191950977116804,39.29869047509386,0
19.990820247510833,89.79021222996505,48.866320102122764,8.919541874744397,1
0.7362269751005512,18.77902360956844,59.053127116879914,58.111481447393345,0
78.69243775021384,68.36033535288819,86.41590837736659,91.96400726262897,1
66.48508565920321,80.4554339550206,30.271807242965078,78.66956988617501,1
70.51653786263351,65.31455973271835,12.489776281568076,83.62183091872366,1
78.07290310219679,54.59813237372887,13.440290075446667,92.82317961023304,1
45.891577553834,65.56123899331175,22.075192477617254,63.6543503385538,0
56.87411959528937,23.649733790150012,61.343468632396224,99.49227306534986,1
13.979699812765745,29.40136392971965,82.73663290341322,3.3281569879650807,0
11.453007353597345,34.29094095607078,89.81253453525684,83.48396761435623,1
66.84029617904716,63.800140656703434,67.16018817774741,85.70106695222617,1
47.10962061431325,49.771096637056345,46.282892720580406,91.6700390761965,1
56.52361064811888,32.00282582372556,23.906323734053267,47.816945763584904,0
76.49988574160255,89.45283989301221,46.12765054991311,78.77559236206,1
63.47183200005908,43.652965626390106,39.91736205170052,19.50803991211798,0
55.35794006579958,50.1428547306902,88.30232927714239,60.31302251782144,1
55.92071607454135,46.87309688940951,53.80474396695465,35.864515236346136,0
30.39500980626122,26.37486597490774,30.357630995907595,59.61736506619755,0
3.0817834567939406,75.846431388721,35.99209601342019,67.55605071583003,1
43.671738923236234,50.36124360419722,22.28231480884201,34.706866674617885,0
21.45846728195292,11.46313989034466,92.67269041622181,21.623829930287197,1
40.852864372463614,96.76123321238173,14.531126161282168,32.168790885933475,2
85.34030732681661,83.41872504358723,11.15616237003048,66.39572451074426,1
23.393948586534073,75.1203418682623,26.469004017418186,67.68742336728106,1
5.830274168906602,88.21826834666761,82.97866161195631,74.13169360240988,1
28.138389202199654,91.61265282449952,57.112010796797314,12.653660857270598,2
29.35937577666836,40.37407357459948,66.32589586392876,81.85173902544616,0
66.1916514726895,64.98628105750288,42.195850787416134,68.81478015409554,0
55.70321523412783,64.79270282850348,16.1810186994253,3.0505076690639177,0
78.38982091064135,34.05697019295373,87.05423462429513,33.55978494350508,1
66.43135403273875,29.97570263023605,27.27048449128667,46.67112559064771,0
40.63868614400705,20.251652933711988,12.975328049060321,36.06174903868148,0
81.40203846660347,69.33827763248075,61.543372233987434,11.741688820841311,1
16.697291990770392,80.28270919277018,17.496029834614095,20.734628450500704,1
2.2712073133860478,78.48576815653034,18.61856666738508,2.456139491013254,1
9.004786077564175,38.464783946647685,82.03393283342726,9.307716135256284,0
72.23593505964503,28.4733865418682,54.24486303861959,26.630011772454477,1
46.18772302513874,50.825276060915975,31.73576070224287,81.99702656357306,0
16.127177903360177,59.21321142164595,41.37637810235669,52.66375099372003,0
50.10447751033635,92.71784151717002,75.63168809588544,42.4497890691106,2
15.231210271316842,88.73408388466487,15.971873028094166,66.2162943958549,1
69.6320375077736,92.4452498171645,20.48325543398889,54.15105603250052,2
44.61562755740307,86.52361466223816,65.46358314915128,13.151392675562622,1
38.10212260964825,96.812308399268,64.62745610203966,22.262336382418958,2
30.151208914787652,51.894999745215166,97.52159660818346,22.252236099060763,2
63.028259311888846,14.272614768978492,43.70945331299047,59.995251261234216,0
36.18126105533904,17.52058289336304,15.856986445976428,46.16243661893464,0
8.7649919316101,45.12485275951089,58.37836913646651,38.75850625608537,0
11.800590212051532,33.191838214569756,67.45121305856114,55.6639172881788,0
96.18976645495145,25.29465322249606,22.564250720762416,97.01157857825572,2
90.8580690707607,95.78833970577837,59.75757761816771,31.41934560558768,2
69.97071338107496,27.58776295695602,27.799040949243814,52.01954336335173,0
26.586996145951957,96.34413450837079,86.02570520929615,48.03700156441156,2
96.91763773477238,78.47549562890863,85.16453462054467,71.66430317458448,2
77.87509039657947,67.68511049127011,48.66661863985976,73.02902679829161,1
71.68901891589957,70.84170640804405,97.00688714615237,72.90707214130406,2
44.93615021437887,39.83268912932116,98.17964870047675,20.151957993874483,2
27.224156184515902,68.1784334252454,21.632598005285754,44.909313636118775,0
9.63909621534993,26.802290645313878,43.09424243492209,81.11746910291376,0
90.26023965438416,94.39348892823816,64.02893230419801,38.15301705406438,2
45.57762898336111,37.16140059645342,17.635402862329993,98.42551172899289,1
20.236336479523032,32.966786106418795,44.43899534327233,36.478674179219915,0
30.59566241506525,74.00465183747417,33.50548756149317,49.76668273419682,0
57.9219568941896,69.08038462595637,95.68451988700338,47.452559480254685,2
17.67727829392317,50.61690265089747,47.04272405483234,43.36638024692425,0
85.66142840923754,66.92016112217077,78.64037726927613,84.56313683196215,1
75.85195298352102,24.354376458477052,44.80348271609564,15.527523754801354,1
71.94629559509367,70.59954766617595,21.863086337695194,56.7664706413983,1
43.20930397751037,34.35496256756745,87.68363771447628,61.860157735542366,1
62.73088407024432,34.55523790088116,10.037522521279348,85.12213080693708,1
58.40979689127356,24.59619414494061,15.034678657700502,60.92001599261084,0
64.984660155482,39.913942153254816,42.79459653073389,96.00203477877807,1
8.44443211398891,39.812595428019534,71.82084299668628,87.21677122609289,1
41.58074021706096,50.876111053204234,40.75338657616982,34.873994835273145,0
4.161417386189248,27.137755419971455,15.968153585887746,85.99064452908345,1
49.39908192445189,27.37067825428897,38.60560303607339,95.84778140934557,1
32.98612123327853,58.75647144969055,32.04827730911461,25.71971809245863,0
14.45241888660469,21.598966420342762,10.487781983637817,61.020880666440846,0
10.340296772255165,72.00073071899516,58.13217218623616,28.180391234213552,0
58.7644572177712,94.95524132763369,20.498132326976744,64.95672790822175,2
17.05929685368861,48.411605949794044,35.87466599169995,9.36428045470219,0
92.51201183767972,91.0994781835609,67.7070847200173,73.41880218690575,2
58.106113970039495,18.8484932013278,75.26041199406795,41.981982859534284,0
34.686980453483706,13.866186463808011,33.71100641704203,58.730717867643676,0
59.091549148141674,74.9231989762456,39.62743039587106,2.586240252349814,0
2.28038710296975,78.49194156833468,32.22183143147187,69.54414552103283,1
95.85592132414453,85.87524168691762,96.11997402845728,49.599135413524344,2
48.23034369429002,15.113591055998327,27.146775428866256,62.525100768784206,0
78.27352272502863,79.92163494611474,26.486254327030863,31.566797237617404,1
8.272999992243857,43.88848595169236,50.05317662483788,14.582017342141441,0
48.66583308381603,37.300386941397875,27.037572328051223,43.5428941996142,0
49.07069943545209,25.572152920896723,24.10376106570473,94.39791212863634,1
93.78264549749828,99.64141795922744,18.629158393097693,22.779402665380534,2
57.17280523760754,15.729723038697726,67.61541232974244,67.58390120352516,0
47.348940105695384,84.43072131471995,65.08740294117064,4.984354403454139,1
26.69756630918936,67.55449919414747,68.51466026901696,71.80997852669284,0
33.15689973425522,76.15723998356805,79.59700072084566,23.843718680149305,1
52.06724024715378,74.05454079296167,39.37222115133182,45.15170602293325,0
43.89114603050467,87.25910365658643,92.65813602507293,36.775310059477405,1
2.1612079880330426,26.541286287049747,75.98841499618804,11.284034331735548,0
82.62919241943578,10.074215515121685,82.42377297230682,34.55819525117757,1
89.61607718397667,63.867564013893954,74.88659474440401,35.01249582931856,1
14.024908899861078,41.847277539100055,42.261008088930566,52.21056390297516,0
55.40361435390494,21.140859800542394,35.47292392563715,97.23515329399874,1
10.857574113544356,26.752487869381497,48.02653626211127,47.00175225106303,0
67.22400930398116,39.85743812133006,18.73273244800226,91.44261556326339,1
28.123378383900832,16.32100337980329,50.615245140935244,46.155765856255535,0
65.94226346919018,15.122188191560577,13.882688478571586,10.754330087493946,0
72.69946142868827,92.44236293491997,10.355136402447505,23.015289527594017,2
76.8647491917657,38.089247441832654,93.83490455272235,40.75176760576002,1
10.774094595589656,98.40076277262264,72.04031745291036,32.53687729701847,2
91.60118451376078,96.79303074973599,60.5662252359372,86.58292875324916,2
23.02139908948808,22.83141540944024,40.699183548075204,67.86456021965513,0
3.741255617617978,74.34318726065719,61.34842132165667,57.83084519186734,0
55.48524693914834,64.07244002143622,90.24181987044986,49.12295512366905,1
37.092228386243875,72.15823657946382,68.71421205494781,39.727061828906685,0
82.97897431324131,18.65719000130273,64.22337981581538,61.21924398320113,1
80.82514720643019,26.970407077110224,51.41840526745102,12.4607165444381,1
31.713889282271534,16.897479530579336,41.11273275857722,16.253318821690566,0
95.28993950697449,64.3720784695364,72.86924025295406,30.311635339669994,2
29.091783814011862,98.7931968264182,98.28828469142329,17.11846164610744,2
51.50571292317145,70.47860838921473,48.22819241685311,67.70987190248167,0
25.596509056760276,73.96853815197366,45.29846836127807,2.4768321406245297,0
93.60435700489633,98.6126537388953,48.53021251285382,16.01774916667501,2
16.460781758201815,71.02103987546165,48.29895712447494,90.26081094988034,1
4.491061939232899,13.61634153656233,99.15622960316456,99.75431482220868,2
43.509706000303794,88.03050407709378,73.61004317584066,48.759047782809304,1
99.2375564055837,42.82104613409167,42.32660042895325,49.53700730217583,2
89.1677266254914,10.392725936324382,43.43521364440503,77.33987622374381,1
74.86080194569492,55.65107598047385,48.771723226965015,3.6189577620575064,1
89.07924908785249,94.33135007886374,13.304096882240472,42.70214819009781,2
89.34466396978632,33.15976184754849,57.503476181912504,9.982788181495984,1
51.885836038644904,54.236185574755595,83.02428563704882,40.092638265648596,0
31.5929051830793,25.639919900415165,69.45110138867595,98.38218411288749,1
77.2012432110988,15.192340449979609,27.857876208538745,75.36332808033612,1
66.16612631677611,17.249045204180184,75.5230817240533,98.5045875685218,1
37.36577288737101,75.43098153652198,74.75127456988272,74.60486256706017,1
9.446666806151526,87.76670236679341,33.62852940840973,60.81100718065884,1
74.6789611349026,22.896895532724198,66.05871911712416,75.42208329272434,1
26.246051592286467,35.948671102942185,64.98541298097425,65.90916729709846,0
93.68131505337793,27.55265208803446,85.58088614705633,46.406602990190834,2
24.097057500568475,12.417019923378515,22.246508065009714,29.254633400521,0
12.275793241148602,59.808823289828524,27.535465406037048,52.01780593343549,0
83.11126721249062,72.99299531238827,53.73725533910247,25.849347390143052,1
15.328431662449404,68.30897327965634,13.973063400307632,48.66763464421453,0
17.926830815773908,44.92481925720229,47.403477784153594,14.613540592108599,0
59.93827915208435,59.95092213459148,80.9397137799751,56.53950989700408,0
87.45620408374644,18.468937597260222,23.38429545855984,24.528369081210478,1
19.643466571457324,23.8873346850416,51.39538632428724,29.360810394156967,0
31.03236729000948,93.86151575976851,99.07923100442001,49.90281417823884,2
77.74048382411776,78.53569730379071,55.53280120823779,16.252625302158073,1
97.18264260609673,93.04651862426506,54.84914417098815,96.23798836359191,2
50.07411862023423,92.50122560494304,60.29142253517513,44.69443153928761,2
14.389750255125078,68.44533553969666,26.74039332994671,35.22792296267511,0
1.3936287708201545,93.54147833009486,23.244749441734985,2.919660509258093,2
22.965602999885526,47.50336927742169,70.96191662035976,84.32543631122329,0
13.182221778652103,10.325462030644685,45.61901289151932,62.58339153063843,0
67.76586736128574,15.631400426154343,36.09159653939282,41.64051548412972,0
12.183250462853113,19.853859313073368,12.825245792790783,24.55327993384757,0
50.6329931620633,18.581810786457424,86.14454474606342,74.51374186753851,1
69.42624356428865,41.65321517652371,12.909597926034948,94.54745757416671,1
58.11166092209024,73.11437263984219,77.49848116749874,38.08097056520202,0
19.97756516600576,81.15839259404454,44.37897030987229,13.487606837923128,1
80.41245261822627,63.11919469101622,63.88190294541851,10.919474727273737,1
71.54071296158017,23.17925571012816,32.29102006211461,0.6361972333885912,1
73.89840039155418,77.31114419333578,23.98596996088658,74.39554407717219,1
13.105775155731326,41.93217272238391,58.004920075145264,98.13953859016705,1
12.375380365034461,11.169401380461663,72.60559254587292,99.28177527535682,1
92.75625510065076,35.25297584794744,27.59439654506319,78.41972543429256,2
39.75781938249406,39.754049872688014,49.27230526893078,16.218377829604357,0
30.094869178093976,34.68209816962926,50.01894732622561,97.77094559131216,1
48.85840453515333,83.0683137868827,29.43812341715165,32.781344300195094,1
66.28642127635824,78.39337578346813,60.8544501626918,33.36196094925437,1
95.56232570469699,72.59968273713773,23.134211810353058,68.73369528924388,2
28.6446226882055,22.510457066103875,55.877425598672204,4.904918707445138,0
92.48084293120272,82.70505187356538,20.208836022939956,82.57697299075592,2
2.4859491386256316,70.94583654969914,53.69881679696237,99.7297276487744,1
55.51980423268247,27.53539178332527,38.043914938800114,77.50697780899173,0
63.39751116810851,68.32845372533647,50.70216628733815,78.16764912073332,0
10.58974037507533,53.51604769033129,49.03744234988567,39.0313670566551,0
14.033959706391263,49.541505567060256,91.71398105367335,6.592138901565692,1
41.91143193163038,20.09108471251499,54.094203996081646,79.26674342344234,0
96.62319121431817,56.64738482606488,83.66490134891869,59.71580869048005,2
59.604255323437286,18.993862807512727,30.30871536205437,90.93386891220844,1
93.30232216002112,24.782804852884,41.687451517083296,11.596290016683252,2
80.43609156129708,21.929168284728643,16.758044256987183,30.51230630941083,1
46.73816015552915,95.86974511630069,47.86730153393442,36.06561537233864,2
78.47634492521874,35.6378221399501,70.18298983674379,68.32797085446914,1
1.7836783976987736,41.96838912364069,85.43503306984566,78.7745163103155,1
10.914399676573494,38.987254566643244,60.93234206192397,96.10204085844202,1
82.94286148827364,90.84254006603294,67.60654026337707,29.540715832415444,2
79.68170883251618,60.66693202013997,25.954036985525335,49.36364085642473,1
23.26407419664337,92.72439090399806,13.348543441009543,2.896093008129841,2
53.07695905990535,36.993241524510594,81.25193306595844,25.29878781088879,0
60.60158207000109,20.335120698875407,25.033438669715775,37.40035081196403,0
86.77389537760112,60.05966074517571,18.205258197947717,59.38062065254483,1
60.31071573387257,41.098329261101576,94.38060888159357,47.0845493599174,1
41.25715692736803,82.17161501416734,96.71692276532589,36.447505977699734,2
37.41840434071827,89.14810680204927,65.46315624422452,62.40779665293415,1
42.58820863735099,52.53161598163646,44.07735454185641,82.86156771170003,0
65.19310255799742,97.42231216769575,84.99155868676468,24.16811329847892,2
86.7490631752325,59.77117057099653,28.424796340187118,34.287587926041226,1
45.38968820762997,34.38283540476812,48.64530946867137,70.49236496870199,0
24.783956295135813,54.00779638098471,42.13155691005416,77.79405987585302,0
23.666236299758115,13.357926316263484,92.14299916675135,82.53968717346473,1
74.60142802434464,82.36010442367608,92.77996738260462,20.933121889702868,1
81.65687634239104,19.129154576897886,68.57973336912997,53.92669612444156,1
10.527807985412496,37.787363965270444,19.966612624542265,90.00110985252844,1
6.655885695517815,60.878489230444906,53.39735106924722,39.195045509149175,0
59.443366375645176,13.8677613082209,32.0795529601651,42.98830902215557,0
14.617324419269828,17.138520926330344,89.64240968660337,98.48229439006857,1
82.46641904563413,72.65047218517115,22.45625191145817,11.305264603250542,1
31.033467392407445,16.459938375469186,14.887924827463662,70.5601989461636,0
14.387193297114266,52.937457962263885,73.39861301950704,85.01841270408919,1
92.09704724874503,40.48260700786753,50.79574674713376,15.079351663401741,2
16.553172273527817,30.527146716077482,85.45283988427761,71.44532360072374,1
28.472008233793556,26.99010080772989,16.71666680523806,46.97382220104422,0
15.361339519205863,78.70701643593215,82.09685193470582,85.28908846746432,1
11.549006366535497,95.63879738352543,13.360127755974249,90.74523168359062,2
2.1148016336440034,22.616176798299854,12.526301072256128,87.24849031545733,1
5.539540916426011,96.37130972567142,51.51841765579267,6.438513757901276,2
17.464147093585268,63.52862531275934,29.916216071258663,75.68552768149742,0
5.338193262717539,67.74943648269314,63.434683630587756,92.15275749858294,1
59.11438161109712,73.89337403283237,12.323529479032338,62.1348440670931,0
68.07145267995064,73.37070013191229,13.185058812668068,60.08760604784902,0
39.36304568320283,83.78299973671194,75.44336465547464,4.5005387398111,1
31.79910969520494,53.51217862129277,28.91486462430805,85.60330222059385,1
50.45262370222301,58.0022728763231,69.07754112946603,4.640356082916153,0
87.50049422346086,39.14443022170743,77.49299453506826,31.350960638467395,1
85.1131626822206,19.473183440480533,15.339804915247068,92.58630652872155,1
4.347506201279194,69.81761718335972,79.27785590178154,94.97451427295121,1
18.14984095965241,13.024897226762583,34.157909616515745,99.19005404759226,1
23.6744871104396,34.80715459750314,45.05913623797734,47.64022856128862,0
24.938757583221182,18.480687800149024,17.797527306578502,17.742954638101082,0
57.12326517427727,27.165444159044625,85.47669850283674,48.79444868290839,1
41.62624257031923,67.48578216076427,60.46559076931876,10.231292508304923,0
4.925411992759399,66.56289671844263,55.4198750062455,87.25361089699697,1
37.36141384595716,47.89494216961408,97.16993298124801,56.053723326650484,2
52.37529487176372,18.115477884054204,40.105518394660365,40.450589916675526,0
10.167190290371597,49.003652481346755,90.17013578290265,7.95307024808044,1
83.34585537885597,41.747038467246405,74.77190929581438,40.52406768166305,1
5.196186646510426,74.84132375703548,93.5675322267015,86.61916083901089,1
92.48418690180621,62.112394737914656,91.70218474862138,70.34059324772127,2
9.91131415798755,54.24091906032991,99.19268245234626,8.245551751096658,2
84.35749515977527,53.82838740744957,21.850907683344182,15.990719972617583,1
90.26531439276171,96.9667198534377,81.64147528824356,39.23084907075046,2
97.95706805865927,78.06647995331055,82.40449194527528,10.137508268591866,2
80.20258802735935,54.728160441411504,67.99361753606382,93.4041191993271,1
77.94775407713288,53.130035160007985,35.097486241438176,65.22920446308758,1
64.24832759955477,12.38311911744671,96.86334444654835,9.482300130394506,2
77.8996354578129,94.8258336987826,28.39799241011886,78.80574623804607,2
13.455220841314707,38.72565745905967,54.96178405225951,36.84059285719429,0
53.60680359476373,33.034517369266936,56.93384015372676,24.487064455322084,0
51.42228701904145,99.94680328489042,24.564641035243497,56.99849419396911,2
85.75721441225575,74.6820704354072,75.02759400999167,1.3372133120541307,1
46.27993655935158,14.26273959693592,17.99804477622158,46.539766010425495,0
38.508949610035344,15.56969293230188,72.37880009620399,84.38049930951695,0
63.95632712371101,12.295140756417808,86.37539466615732,92.80575959855683,1
26.646331750084606,63.965700956158216,41.44567825741596,34.25547044164398,0
13.976841095395686,16.440805005575662,73.84787277392802,64.24365881650444,0
47.78772740237458,94.00495211604375,24.109660733306484,22.682343836883355,2
41.6889368594885,94.32158860204102,86.13541013075908,56.021307098470906,2
23.25699405288737,59.14486600732718,95.68285286979022,25.402772615318902,2
36.7511810115128,65.49750382563558,23.742432414979923,57.135650862745294,0
36.63924498262474,36.27049613727249,72.26735265750989,17.172211729323095,0
32.74955644125455,15.7575288167446,55.52479869008732,94.12325567607434,1
37.946407972692896,76.37144006726339,57.83493986491408,88.69174764072916,1
68.57433454559454,19.16073898741157,73.58407467406194,33.69182494488398,0
29.68764745712853,17.700187691655383,53.986644940279355,77.66628889249426,0
94.88579267153405,38.01007982838014,64.02937528159451,9.550413073219454,2
91.63480195381779,11.121909385409385,30.781091747023947,74.0360908705424,2
48.09104283000786,49.06320541806844,44.06559368397672,28.245912961270413,0
32.83612050046888,73.6912819072069,87.87163150643518,13.56417686758623,1
53.54347898300031,82.1214038279745,19.891226048354703,67.81912179036136,1
84.85604887736245,64.38765734190292,63.78177348402759,46.98068178193893,1
65.2587340560102,86.21867828025213,26.58583560114012,53.013960173044396,1
80.43918279470775,46.58519833903993,86.18856381310347,52.05297841379208,1
53.27222760657402,86.38948765544289,62.11395584681948,5.944798210601954,1
63.291762926762075,55.582597944854136,46.2743904403244,5.138024909267703,0
28.815561418246173,30.07325151984658,32.484220628663614,60.11675039480969,0
73.48931623102908,94.97310819944194,49.316022927067095,62.38646423554166,2
20.240459312571836,34.74737864534048,96.1851093329568,4.717455651511459,2
69.47981288184982,12.35813357690138,55.82883607692585,37.843933188781776,0
86.0719068325894,31.840663865952422,52.254057852987415,61.28512795604274,1
13.210283730154393,43.001880513168494,77.16464321502782,65.66806557530764,0
61.43797405419198,41.62147149603376,44.1142363748716,82.82757592765515,0
9.50957482299346,57.22007584992145,48.46815548927146,42.07322835968809,0
72.57156282714269,89.48141938323312,40.325295841445715,54.825778114696874,1
8.449321882352024,36.31044043987292,23.582777979645225,57.856037560881724,0
93.5939822700626,56.8693547163252,74.24282927823856,31.2045283300319,2
13.740793003780215,40.61250583196314,88.57278224952614,5.38254024416116,1
95.88802459090803,83.95957534358804,91.5033384318489,0.42259262051046464,2
80.08841760850967,24.184136195963056,89.27226442340017,83.61254161185249,1
59.36820044663541,19.315924147905264,50.66054221941936,20.023182252238637,0
78.26241046295469,55.26957279138416,35.56595729828767,63.025466415913556,1
79.51148389830858,70.46988271889427,67.41313746407411,57.70474786439196,1
94.60270628173303,81.59726809816898,95.92344207154285,39.9633076740519,2
25.338335383918718,63.06623676147848,75.43455833517444,83.34933087006337,0
59.00758953583092,79.64647851871005,54.53637054311409,69.8401595693379,1
9.504919756440122,45.34390527048314,71.99277170621033,2.2741463439172938,0
61.61657000241213,12.958090323982209,79.52841212089572,77.66940733566847,0
17.12913040927888,20.44893771114009,92.73423351952637,50.69988180017623,1
56.495061147244186,13.485034110609657,78.68941785749386,34.701928908284685,0
57.24305140338497,39.60492854288434,48.987150007231506,72.68846565116779,0
46.598515298122734,54.59422071418141,34.624586661893574,68.60656296462693,0
52.26317755131228,42.06857352912454,54.98934982566322,31.058823786894905,0
76.3923390006588,60.453952755975294,39.53601501449246,98.30388714978814,1
79.92447165120666,53.25482336435089,94.84881334190325,64.87084867117532,1
49.215321557542914,71.01485216775463,55.7169259104966,60.577971245389364,0
59.95934415226123,70.02659472070656,52.48507023676075,6.988036348177207,0
93.12362356901018,38.625773239781154,41.33765963393766,27.931878034473744,2
11.97335885011228,41.15930098249824,67.54662912624403,44.69740023264415,0
11.71035659001105,62.663303947717296,56.8046150758853,63.06257043096763,0
8.770901191076842,63.67892211017576,21.614403060843088,51.27636307303778,0
65.78632850405278,38.322992227341985,88.22870297474451,76.30329334713912,1
41.860830079037946,39.72860971978827,42.31115489294186,26.25677124679019,0
77.43214161418433,72.46405118675324,48.93205869623388,70.21569952824844,1
67.12314133085926,68.26697405884626,28.510035099722117,81.65970468911625,0
33.36377583282382,22.154572421179722,59.80583868561003,76.50499755829533,0
89.83665473615358,49.69376917078541,73.18495561857247,77.08465845880335,1
76.25321470706523,90.34354708395313,89.30487885633455,88.85070572621655,2
27.053494091017573,13.267510849402768,14.644689847503638,8.41785424804895,0
36.4192017772054,86.96475518357923,97.59987187294405,69.7191571374103,2
31.44399802042629,24.68603413577293,73.3435967818321,96.8678201116461,1
15.761164862499966,55.652376921554435,35.586881597036566,57.36506498745382,0
14.778337254219165,48.190278603071036,28.402727951256946,21.73163119843926,0
93.61274633757441,10.911640360731294,36.64791267891381,99.8753805774213,2
43.79040371987533,92.38572433806688,88.81531764997982,17.467729282147893,2
38.331982277740984,50.943270460087504,36.225115587635536,33.55576973748593,0
72.9685708677378,95.88414490845535,51.653902110151215,17.20621884171678,2
55.29930652528999,35.80695108812961,73.51642488180093,46.45128687500682,0
93.61399868384622,87.96481960743752,88.4790877351497,41.88760096109583,2
78.03014939093921,93.01506165960674,69.27140461114936,49.124089651057275,2
47.93695641245404,60.114917473370255,77.77982768809804,92.79834000554295,1
37.635947348082624,28.241000908094577,25.599411666636,47.83243858342251,0
98.6631544924322,71.67226888951481,88.9667044922025,51.46263262136441,2
71.77602360036434,59.40802598765141,34.81472652562996,88.6682105918468,1
95.11946600038411,95.00766992673633,21.554034765086413,81.77579940148323,2
11.847857721704136,49.53448556294426,97.86198613066024,23.97220312254442,2
85.05336791907825,34.16622828758398,28.14759329087449,1.2925955228850206,1
63.70738839912076,22.445830134469638,22.298677307017883,62.94995922020511,0
12.192167833511258,72.87702118180115,66.3418810091608,84.48498238375201,0
58.825799996922065,97.6698657082524,38.697683454648576,55.285011261040005,2
68.60963651054487,12.550939351425862,22.0014284662444,21.117692001284517,0
1.2302685888602838,76.64008193003141,64.10090054942884,74.13550906753068,1
45.43179618417466,93.42373263037,78.30867045000119,66.95392826112699,2
82.53995111963212,16.73033808046144,81.38785367864409,56.503253740855286,1
29.535902534408986,19.915304059551985,23.996134091104516,86.33361740209837,1
45.85480817985511,72.27613886047378,60.1180361145948,78.42423529390328,0
44.23141270678932,68.31670383062095,83.23105336133146,66.79520914227804,0
30.19273914424916,16.194467378462114,24.49783102817667,66.47586690232184,0
91.84418955155542,85.09804769360409,28.69140265936074,66.22026342982748,2
78.12940354315158,57.10814630604031,10.217025768850986,52.516474491656396,1
11.05884109961105,91.64776360029514,57.21707407557593,46.3921644643847,2
99.70346578375731,89.0191792893434,27.52135271757558,70.96004594987197,2
87.92000243077453,83.12569921451492,75.18183181542092,61.049448147023114,1
28.390843786403895,56.43090066199792,96.59924700558452,48.99805623005431,2
83.68965796609382,32.65395775744891,28.787994009916325,12.666135391104161,1
10.641953187138286,55.53779535200193,68.41873105871794,70.19287886531656,0
99.91047304742386,19.073024002160206,29.065101531266023,64.59985705779654,2
66.56847361065368,69.29615336260835,11.62061730817336,34.22484259735036,0
65.0125015558797,22.057949730610687,78.26987747931263,35.63231662150768,0
9.044072698413274,56.00556662506508,49.060420898580354,24.67223841352523,0
89.70333988966253,14.894377675013601,95.21081753631877,96.19152563650188,2
2.8999503204469423,36.95612412471813,58.0857293929065,86.02013628687226,1
24.082805804114706,30.887241460280904,24.173458207811557,56.10490294122168,0
14.302187516663501,65.80283884405034,50.47969976175501,40.165314655851425,0
77.67679406922186,80.81080408202578,28.260261532541485,73.68252636964233,1
19.820422721289788,15.157265908647354,89.0226345417917,52.772817612599724,1
91.06382271308853,86.52553166398458,72.18128627987723,97.5851033915114,2
65.62690393274902,87.4690925459144,40.71149241892332,5.512261392215456,1
3.6162710494696215,40.80421668592205,57.50382905264264,3.4285734053475125,0
0.5429834128700461,69.31036593732898,70.25321693917256,56.861101797337334,0
5.165791701439892,46.23517285331046,80.45719449808827,20.327922268890674,0
60.592517764772765,23.877179397066836,17.21324888834875,60.43041635501925,0
80.14818108594153,57.57961767067993,12.026695779572211,78.14230285471774,1
23.855282062738848,17.7723707051437,20.300742745290083,13.810976118487284,0
84.94088429230729,89.06249398563891,45.54966791553067,44.060822418952796,1
5.7231940153260386,93.18607834686478,52.00359490738828,68.86670834493552,2
80.09638536416762,83.94518233102632,22.281546719246354,83.38635706729713,1
92.77954301722804,60.62753086803807,47.003782410964476,49.634409003635724,2
77.21083991043805,60.18387320129094,49.74605077256474,20.615358690602157,1
69.81207839786371,98.61466389408368,19.818096730973803,58.579925558563296,2
83.7980218655383,32.31115208480646,92.49939641761607,45.451706872499955,1
4.015129954706643,16.835352931468673,63.92313348289368,77.19254270044858,0
20.178211071905537,60.574683124105995,44.96819774106539,55.5576064202948,0
12.492367930564308,39.590703802909296,55.6216465124986,27.94228449704308,0
50.453099019298655,39.01048955272398,38.27777378219261,75.43929197211881,0
74.51881283288445,10.637681875295325,86.88979284801337,51.77470129619597,1
63.001184457639866,63.661546859313965,61.75135374116533,17.75465522783275,0
85.1131099761935,33.76303320480527,54.54062329541891,56.30723231419945,1
15.521299244109088,26.90726933734129,91.97968627860378,94.83200598458728,1
73.46210919351616,13.638873825370334,85.4181728410661,70.5516260937736,1
19.30414908689041,42.79254188280502,83.15217022832644,29.88033614579789,0
27.075875131780023,89.10719851478116,30.304828380865974,71.08731752928581,1
70.99046972813039,40.30037268376351,23.78108003215211,28.260631100217893,1
98.02047848986818,71.11667891076343,72.10868677414729,54.268883754126186,2
61.154360597706955,78.08922670617166,52.17780307072563,52.65957637875528,1
5.45003149912956,39.52907282711796,71.53414416611592,24.739087891180368,0
61.63089699275328,83.94766615108371,78.45645089000047,34.7881199879818,1
4.23505515801671,72.26916937002542,36.578215661027585,94.21814547860457,1
88.41457113668172,60.33180058308564,35.61853898105278,25.059853641543363,1
70.95782851006207,10.089321764556603,54.174840963236534,80.10270436309858,1
17.31278464225032,13.158168933052732,34.61943821738476,66.737058001214,0
9.172100582419807,99.1779259695457,70.05657484145796,53.262913252576446,2
18.353322888031897,80.40555311532034,77.20574012926451,13.751486946516344,1
98.00271795541924,94.38087328956523,52.48350514479199,20.45707527063778,2
45.856064245848984,91.20728844262247,75.14197890387788,17.897762359040392,2
78.4080948341408,11.839868482847574,55.93938121636986,58.67942589737524,1
63.64083421077768,81.26625608119664,74.15845497703083,97.33831967184781,1
57.24131499586373,50.60311696100391,30.24714230161528,87.72392627749947,1
14.51302546650497,81.06023836005902,76.49587413397377,2.525188292957725,1
94.60244535580951,10.604420574704662,74.36116211113159,27.372662446234653,2
30.134263251471793,35.93793710805078,33.994513634425985,15.725745893702214,0
57.80172158075422,77.61913982121719,60.03738919361575,97.56778418979017,1
69.97759445890661,81.37187097414308,86.97805010869614,23.561023459781506,1
64.92331552453089,65.77431410931615,32.457038227519504,20.131318503879392,0
94.05944096955184,37.11305705016374,76.23818056132087,62.08752935822592,2
14.8438989920058,37.932633215907664,95.85700454321983,55.618658357478644,2
50.83527384469421,97.00875672778294,87.96177277818084,22.58514837812349,2
40.403439074076594,49.529096131078404,46.13680744122485,67.03648645372422,0
47.41687294826181,50.241299521945336,64.64869596893246,9.700721129468914,0
11.921752619774463,59.709947521662954,99.25931208274335,1.9369066030892168,2
13.409460987276534,46.855210317794985,61.15936702381466,8.241479070634682,0
27.80755457812574,59.74044081376728,20.352484218732993,36.48682259757726,0
30.470460376083132,48.91018804908021,14.088767930088482,97.50163278748174,1
42.790321368135,84.4043427641968,81.12830587696256,54.72469988093639,1
61.09875470366283,91.81459178184555,48.12654928616615,75.47261030154672,2
63.462911741826304,93.88992338338255,32.213160156627495,32.149575223155935,2
41.18108965855703,60.78665852464479,41.29048275948523,71.93390654833291,0
40.87831094286971,49.79337017180458,78.1635579891807,96.61811981223575,1
21.762852669696198,73.4716052912654,51.872260207044626,35.77608902820533,0
58.830624840900825,85.44912321663159,88.16495432732889,99.9059434735025,1
31.70409113172379,60.66840178597394,76.14330298999293,63.840995103166605,0
3.60598342773637,72.99829196400351,97.66127354008826,74.85914124647238,2
41.84000441568604,77.47564156491232,89.9653390110859,25.216723884814996,1
47.41326750901703,70.8754399045558,32.90924906074082,64.30907691772416,0
22.5592868204211,77.15202001563786,69.3153309522298,51.10062514623874,1
57.24579331221157,28.778079930039855,11.848873107532949,95.6402645477436,1
56.5771900431921,54.85370923196177,99.19960519866385,90.46750477895155,2
70.20021811103715,62.944169914457845,33.49054979223369,39.66725989250772,1
64.794848220121,10.223013777132078,69.83155842612257,94.68697515382334,1
65.24330565210316,87.03662579323138,86.42382590796088,88.48125527500098,1
31.621415182404313,64.90220576004208,24.44181964551743,59.03838503691392,0
78.74322219859539,21.622269852838294,86.30914085294313,8.211790878954028,1
54.914438359967946,83.47213653182445,11.102109921174018,16.079024065953774,1
43.14181951798901,74.53512697964902,49.77794242768667,7.687424467380022,0
62.60124809410571,78.24695891172733,52.48338602780246,10.799311464906102,1
36.06573344502543,45.28382156756706,43.66816419328623,97.69523743930777,1
51.27392446067582,86.87822560254929,62.774627167044976,21.21672992161523,1
73.67056884822203,47.2624823919126,92.33581138323689,69.0854582340663,1
88.64028867237077,61.34582376510322,39.42902028702602,63.65282576827697,1
92.10571972951917,10.057807332988634,62.133389844978176,63.11448648530038,2
50.36329251830992,68.0385803210076,88.97162731689906,20.67039995960298,1
52.02751147405691,74.6358212915143,79.56958555912404,57.934659438460955,0
79.98704107638365,61.039842893991306,13.665993832494639,62.55383495849516,1
31.445069174420127,54.69029353392544,94.85116877148961,57.04053166451111,1
83.73823623450686,82.89428263405375,14.198221383275147,18.616246727567866,1
49.41416465174234,71.32354454487177,62.98826269368966,72.3060597074709,0
11.585672433526838,35.02666357480207,61.78182582836483,7.3243161916511035,0
7.20591470729437,96.31660042719872,80.77512076320845,59.12000118196219,2
84.19932110394632,73.65404747758066,23.35987466640799,43.62593324013133,1
5.55679169068779,98.91450360211822,26.14333528564334,25.028659313307365,2
28.06114361336559,97.41351846419815,77.68962394645244,80.73889890261387,2
33.41300405015458,92.7018750529081,23.455427717046256,17.58925666721839,2
17.29944451915938,77.98343871027768,52.25006143590756,93.2981759897951,1
31.389336980198923,64.84864316472706,75.84832811898387,88.4565028321187,1
74.26925667250856,25.495359731463182,68.6117735904413,36.0587547162083,1
1.4682843560070769,58.901627568138196,28.954376750178564,30.51529308585933,0
82.71734245206865,78.88388701548946,37.3564232817477,13.748668341890212,1
85.65480235745582,56.8771442835011,97.2077412916937,91.63278159339558,2
37.226157319154815,88.1415215565092,50.38035581393955,62.7531858823272,1
15.36128990606348,19.869030927252844,14.001172879274248,3.1783582143403155,0
60.084040794508084,44.28463132437707,29.76264095196994,51.09994145616105,0
11.967255586489433,55.536797673429156,40.81915806956539,8.579894782938691,0
36.49193610782525,48.90927662821973,99.95404638651273,57.375068495284175,2
95.84291809009724,19.772789303939778,37.242239272922674,50.89617183208125,2
99.54644725836371,23.817546464016747,12.375626390429048,8.284604550272201,2
77.21048913545856,85.38555635699385,56.16294197998024,81.58605931167729,1
31.09615099207662,53.59458332813059,17.524484647657935,26.231717716627767,0
68.76650491660925,14.385018407745488,34.66608388261497,54.148436416669895,0
70.54063654840127,11.484213307988492,99.31448584845452,63.90388766305344,2
38.784169516364976,52.61278617948939,73.4174667037139,96.23045335751665,1
64.08886345861595,24.79408533319993,14.559996635458333,49.38116928798459,0
1.0727644975676243,73.46133513992996,50.38180467326164,91.73157722879235,1
20.905765860224147,81.57911162749762,25.44737613659644,35.485734134769885,1
52.50883029672612,30.546703761139504,21.065019076190914,85.74372016499949,1
16.37513042582959,63.29592503936027,62.83588720139218,23.582622695141676,0
16.590686787653365,23.900017913684742,55.50903006761941,70.74797624354177,0
83.6304290550238,37.322438643494834,76.85799258839575,8.861199375499652,1
98.91330026836054,89.991594476329,90.30756054086737,98.60503566836593,2
55.596942802844836,58.968828233407976,32.20136716884957,95.3936399862368,1
83.90697308817134,89.72998256297801,93.06927879898574,44.22136385173777,1
99.03216643262725,30.272302376155626,56.61925952986859,52.39352179902536,2
14.15958885687747,39.702190892379946,33.29514263666054,59.777486231802214,0
44.824561325435106,52.385692461113536,86.12072542923484,27.503755968967003,1
39.25727158419199,53.20720676750886,13.197692622612024,67.44714352051626,0
8.004928364618502,99.78831704653304,60.355843972566454,69.85619466045159,2
75.53301727947445,20.30007870740171,74.945938152697,52.50764923252756,1
43.3779027322593,86.67685320414317,35.19799184405289,14.774069248521771,1
46.93269341904013,87.73138354796832,87.71427258068961,91.91859438916,1
15.067297381324018,59.78787683840086,31.625610702218637,11.504508234561527,0
18.09266522308681,40.963345143323835,85.58868544585653,62.91721687105114,1
90.7103622156215,56.73034938594666,17.069046744921152,10.30885966097551,2
4.464908897427888,36.32209343259075,24.393483268158818,14.610070913292262,0
23.285228494370624,81.91967035959456,44.28861255117173,2.0538314028828997,1
29.205933031452837,54.845124283929714,86.86499615183614,36.33640838567595,1
49.01975424015864,93.32579609897056,23.01268286141042,63.95825644220379,2
58.644517301479596,66.04222099204394,88.78944158148174,52.1544219732872,1
49.32899758506666,56.2887399803215,30.675837395151436,67.45391512484858,0
8.411533455688202,73.99624185798871,50.72575587350759,67.50188608709529,0
24.366745405571354,55.35396679872108,41.7460963834304,14.017374399423865,0
84.35883847625412,91.40557153775025,20.63136039530712,5.733740342171556,2
63.7588700478459,26.600136479815717,94.98787655672261,62.535814043466985,1
64.91490501342744,97.60138153713152,49.43604616769921,65.32243049752427,2
67.0203255351355,83.09714966660728,72.1298135220575,55.67037351417044,1
76.29030190395291,87.46600256783826,61.7740908997628,24.576246632407074,1
5.810848172144734,53.4617049133964,55.15443251669866,81.07652169822539,0
36.66083849326124,85.34813944038376,65.49198612011641,7.568601549625709,1
53.952743526167865,37.60966752194847,90.8508075582186,63.23117893213593,1
33.845648329732605,78.57533607077576,72.93811381246985,12.041153587937215,1
84.44788732871865,22.640514255012036,57.9232071509699,65.44477164332297,1
48.25725085872939,37.63467243662578,68.06673645993787,41.77257878234965,0
76.86275894593791,50.115939702375954,64.57548524581193,71.81030554376714,1
85.20155168811691,39.00877463290797,48.98090867376818,5.2192202476934675,1
50.479148290349805,44.83154040617652,66.22876091174052,55.508298848036794,0
90.95522438713499,83.80942703053282,49.921282014774725,14.487789888007963,2
58.712394053698056,33.10083029279508,78.18529400847211,68.23816316104737,0
85.02742988337218,77.0753054939115,97.2021235170057,11.995563131168241,2
34.05907955915243,16.634086220048665,96.38788217475063,7.358332295192582,2
49.88169585314852,78.91651967635548,83.86622077824825,71.31227981836126,1
53.14110410045777,81.28209185467956,64.15830073535366,6.353193456828232,1
10.497971589607058,46.15288979522338,77.43987892636665,22.453081793151608,0
39.855250670154064,75.02300408507234,26.024346573179894,82.47351971256721,1
91.7337672551676,92.36245633705892,53.11166115825303,80.96883078082263,2
63.08322403647424,82.06416761990742,33.15742884922279,85.41257577807761,1
17.750658243696748,45.140185935726386,10.314548299841238,32.60998895887137,0
33.8855635609605,53.579216285205796,97.00638172048684,52.804802875020926,2
19.160300966269983,80.14217903072249,87.74637056666572,77.33473526061519,1
2.482313179857254,36.33351308642112,56.23287566229342,13.698551501108048,0
92.74604585040267,82.34944662779861,32.873705930710614,72.43908792157183,2
44.820732825687145,39.526402830484706,72.3677689179313,9.748634939465461,0
30.753507242078616,82.53915241469844,49.13209760949348,91.32506086268677,1
59.84771915577366,17.8120399015651,82.30145800804294,63.73101825116259,0
0.7314456293015636,13.995756721953112,99.95662991628545,49.330531268975584,2
27.802210660081382,99.79079026328401,41.417434674088305,48.47292546671642,2
70.30334656988926,88.25114109112201,31.996273913024297,18.13620478449104,1
63.3769773069263,89.45627531195835,34.064423991528244,34.59173724546537,1
98.18059475425355,95.61519528459557,18.401162111260476,72.7123665317149,2
62.0357709658044,49.44846784730391,45.46415768501399,54.09436208543885,0
47.75058736277328,35.8151999212137,11.568254744521838,52.930620410026286,0
76.14325631840076,21.702249551611267,20.295600166114802,19.52458945455794,1
90.3327871964053,55.10882201846181,34.45261725454033,69.0362311953684,2
72.06959467183516,29.804348842894704,24.387649831853267,39.203390106135025,1
96.32112235493796,94.19957710653877,75.89431895506527,18.275333843853414,2
78.20051707381772,10.360284619850118,19.504431178111027,94.37847515963293,1
86.68014382619265,22.887706396880944,87.93946945220722,50.67987468656051,1
11.410407118363718,32.18282677750841,29.90030533398576,52.803664751236546,0
73.24135029937877,27.906104043387554,19.77315552744109,98.1371910214806,1
44.00886995273686,30.320059292173926,10.909597998813268,36.64061371704934,0
55.31038024112752,69.04428445550606,74.36845038899318,94.30206845624495,1
65.41024094823568,39.47608704818343,33.095507134468775,69.492536113548,0
96.98151167055694,65.3521943713036,55.85487446239973,63.309563274479984,2
98.45780814316247,90.12321402816622,20.045444200494018,23.44183019424806,2
28.82282454879053,64.23010889731319,98.67663309126243,5.175567238779011,2
73.37534974379162,72.50795121577434,21.284626516295976,43.77838382851388,1
74.99835379352686,42.89529683992215,47.07333339776904,1.0170961995725092,1
34.649286131304876,24.376462086043823,86.64845521010193,7.100251077038344,1
12.3869774864221,38.852565620491546,32.039825363236616,59.5326755694373,0
4.094696028571976,96.78543838336972,34.0274606811556,72.44718330730274,2
77.73431275291786,65.96302460078235,82.76495643016595,16.794833192427696,1
48.96997418169059,34.97600074906137,34.60056914728114,73.25004126737738,0
98.55401694949262,50.58237404458934,10.258417998533169,94.97258265947518,2
46.497345619365305,85.19617336878949,48.51223484409548,74.31760807261966,1
97.79169790738402,70.15992136351962,11.12816887106275,78.47152195750328,2
41.157600219405985,60.45875566562514,91.88130554464301,70.07125802683719,1
79.36821505599725,89.6646588970457,67.76319017612988,22.47374404547512,1
8.481927231183207,70.51956149951113,62.471283959911794,36.088994215583604,0
55.54617101377639,67.84567577119859,28.14305597761268,94.92669627698173,1
80.20597869857242,27.079132348969132,72.99515668857727,66.12105789701187,1
92.47016672198886,19.5749814711167,70.95291793105112,78.90247339340722,2
82.25830906174316,96.86279053516591,15.441721653282844,96.86946188446774,2
3.6970727201174225,63.89725330903174,89.27618777295153,23.143692051266573,1
37.270234130673416,47.41150682317862,62.14720266368249,32.168666732655346,0
4.869847231385127,63.011873881919584,81.32201929347491,64.48016528344996,0
10.928229111455801,15.563076496454384,33.66226649159598,2.435747378400732,0
67.53056286674841,83.99145465136961,20.984301977810873,57.12190773337057,1
71.32581963116982,29.49809820079024,73.22046158681061,80.86883795144988,1
77.37206827516263,82.40914056861523,81.4494417629646,61.044337382412515,1
86.54565480556629,58.09405989372495,44.74301802573623,29.539328389611086,1
73.943146847651,34.89148122912125,12.132304778468011,72.41040833360617,1
80.0871592106632,12.718895341786341,83.64286221884781,14.603162467994558,1
4.896370982327925,83.42500197939451,28.54845156973966,89.47734692785167,1
23.45351504412986,25.8814127322376,40.512874770773934,10.09150310404554,0
62.189777337524575,14.662460407588611,66.54079069994172,86.34911337624348,1
85.81253046248231,78.02899577432927,18.995924729017247,49.78094277362325,1
0.45001249396591225,41.503890013568096,16.479618952461685,42.86470034878018,0
51.46293421163498,45.0400605032485,12.313339441774684,50.06617605754313,0
67.72873993643972,32.23608285526471,92.49758742155099,20.02063030929212,1
2.9607289128613212,87.32606308272074,38.02444698417901,45.76855795588136,1
40.13555575533879,36.75965734958788,69.45929336054186,84.97198158986585,0
89.56348813836968,28.917331277592147,99.0311724115968,80.0955242218799,2
67.16128088558587,37.832475370254045,70.25057142057491,16.304853449132928,0
23.76583633605973,28.283461765065727,57.2585316270562,67.34209781290618,0
85.27811296319126,38.588969872468674,56.882794016551465,85.68372649654253,1
34.80314234095143,17.464260058135572,43.922543360999654,81.97675886188092,0
85.33446711440594,24.26770262075125,63.98016903595768,42.563244329718145,1
29.894365111890554,47.53475950565331,96.29122505911339,4.809284034611583,2
59.032025088314896,89.15201700308887,80.92396303284791,93.11694229737492,1
39.69400677478341,15.156167205005726,48.180395532991376,39.5885115848062,0
27.4825050755067,29.14072360840276,39.92003461292799,36.097663725634376,0
88.65575621718692,91.75111079874367,89.51783766608092,75.9514944478813,2
18.759368193949133,90.10132067439295,22.220724306393443,26.397221549202253,2
8.48115912357631,71.1505749966347,86.46267312678715,83.4747923167292,1
34.19269385456604,31.642619868571416,32.95690852080992,7.605156081931563,0
71.76391476415675,47.782950495020714,74.4066312198326,74.0711200716211,1
80.74316059762818,29.009889499416854,82.5598522697347,96.57894904415316,1
99.87433700667648,21.57296582126829,52.929686553712536,99.57687968741735,2
29.63620570111649,44.19985550625024,27.30555785280469,92.38043600641663,1
40.79419511312822,61.82394445633152,86.02909691161378,87.07624054063095,1
13.68212780296263,42.39394079183247,43.07575105479833,27.888022445773018,0
57.487192962303354,64.97420954193728,38.86122344342674,96.66483626297641,1
99.75800372629172,36.66292618413749,55.90145641180956,92.78965938143529,2
70.08810101206585,41.126547498471126,49.15776169935259,53.437250702518654,1
59.521284041337175,81.16062324801486,71.47469953348518,40.20776543936796,1
39.2369092921794,89.04832578044723,22.347802753539884,10.926725355818823,1
91.52987602855548,38.98306733779469,49.21206886430857,59.06340778251248,2
49.69165961303494,61.43642212107486,90.25316301026835,70.05459485221976,1
13.43669133130615,35.03460555030412,13.245643849575291,40.399658318152895,0
36.53784631991335,14.800117753668477,51.160449983799374,40.602956063053185,0
6.716666884776689,76.40714632243672,69.44787697466892,57.33113907143038,1
20.197903768878156,25.39031349125353,89.89399783377868,2.77840959071618,1
1.7668780999912204,48.31412713722254,63.440760423985814,95.7865896386749,1
45.327991650016344,53.834094404124116,84.20358441153957,28.990570709670937,0
63.45402649517972,26.602442576119532,30.04219170633578,14.08908617688801,0
34.32924623789078,18.509981559705665,41.75284926050736,0.5488396134590401,0
42.03817715052771,41.32117132039635,94.79190465352384,85.68915413857134,1
95.92092728445759,95.70573167952865,89.73776017834176,86.32073757996692,2
75.19631215749155,65.36220309895793,60.21576844198341,9.530660451771011,1
54.085663694495125,44.32692055626123,52.79395040153607,15.224130288880101,0
28.454087511182525,13.501973869679343,50.59606523090127,44.7902231257768,0
89.69967987729952,64.02459532519737,15.291069541031444,18.57041730663156,1
23.50971168806595,18.303187684183534,90.31393935609103,73.58211368367569,1
32.534273051667704,58.82896639427737,83.63345575738019,5.803974570572235,0
90.90648144229485,77.67554574445687,51.06260302550804,54.9709332385866,2
52.95420552850724,48.12268134653077,35.14959754475261,38.27915651139041,0
74.23179494179767,36.9470345334872,40.862854578387754,46.49464836922515,1
59.07447941637661,14.264581043583874,21.084452728560052,42.47571176956018,0
65.34392090094951,12.230008764543712,74.96107671751503,15.315918253465366,0
29.938329151482556,48.70239126809691,60.10028708993719,22.028148530856228,0
24.137206162666292,89.50107436326711,31.069308054240544,6.480769891042659,1
32.249234716866525,31.965650091387133,66.07050148699207,11.528557529907124,0
15.544156408342246,61.66499552036392,98.13071928294772,97.78948224189149,2
87.43143652908074,71.58752377117855,21.015562192856127,27.978681167725195,1
28.324693325011406,15.474688075122529,51.2636509562795,30.702553933956423,0
56.14893944143846,23.779033822303937,54.474293882991404,12.710633043212106,0
79.1974425141374,39.81491140776103,25.011749244142216,75.51642044967515,1
78.38241093757135,70.30838567337135,57.84221898975833,92.41428101872819,1
43.83862585841929,49.51316010052872,64.53795326932811,78.9750537066651,0
47.62573085867257,76.07755613964208,24.16100849366458,61.26158294341718,1
99.47017489350249,88.08380790158732,23.925150910798877,81.32329156105762,2
67.4597476979024,78.25350489386886,87.07138440703804,40.423023293285844,1
81.46384431178826,99.30224865819243,38.02486930030404,85.94973550806874,2
90.2553969219232,77.89249618584847,66.73000483707679,79.8518849638182,2
78.75898362293393,86.69612755067055,66.40957681076927,0.1724644256319019,1
18.51793449535676,84.91297226185009,85.52537880243716,48.7794134917517,1
56.21707337375722,75.72391860520419,76.59051681083712,26.461657607922618,1
10.189415731454488,82.16216349903016,85.651879009445,8.623291636769547,1
65.29221265639984,94.12149050806691,66.26933106855992,84.61960427477749,2
95.5349428187811,52.76866406736633,50.451144446259455,0.7949684301122306,2
51.27320643001113,67.44583215212893,45.42098691817672,73.01635020553603,0
43.29724928677672,56.34457494154954,44.11267899952922,98.81921209971861,1
3.5842751418163177,86.59332884728657,47.6553788118242,48.20197667062357,1
95.97745223292203,48.822364258435655,21.63783269383933,37.12405299414346,2
10.300268413015878,83.77540940302596,48.15625339028503,60.58329544747134,1
4.107909330484693,81.9419117551425,45.050041648235904,80.46978276476722,1
24.606661150493846,96.56974912317315,13.111449698640833,24.025199377527883,2
6.5530433918382425,32.40286293316769,34.7617679793706,25.07014291535362,0
45.51178424117624,73.8657558897321,77.67162772661952,60.71780140868468,0
51.60878012571124,78.12275478827377,62.01510142686628,93.98798208543053,1
31.25699490285839,94.26506435241991,82.55507470804271,29.843997575876347,2
5.096048257488606,91.6212176249978,58.84192399426884,37.67546632290131,2
11.16003682492267,61.61732755376035,86.86753889277406,99.33333014602896,1
38.45043779899281,62.12378672775818,81.6460389641545,17.62221652065158,0
6.052845082653613,25.056210556380645,18.84561131280224,7.696816837530407,0
69.81897256099134,97.7466432181394,97.93057312143931,58.97552388806061,2
20.702054152481196,32.95157164330841,11.32727022111959,2.4266988421632996,0
30.20715687836385,75.2262596606163,63.71542341366567,18.043323127482267,1
39.41257771780975,81.62155043247813,81.3260358385086,62.2209180690468,1
41.66096330691479,49.7093954150243,39.87047258658131,65.9512400691333,0
0.16607076748005323,29.007434802615222,63.87128130674421,51.042524964761974,0
11.207037099869755,27.006434579771806,42.591027776270344,38.37480462293833,0
86.2764563740878,87.08464008114325,15.455347750675172,57.61975844218483,1
0.1233062511908134,55.968083807366334,10.761536718039782,64.33857530332388,0
50.81673558128751,18.112328383444,18.53758271000695,80.34820462916507,0
48.95020065072081,74.53175254865998,18.856863470804214,79.27508282098475,0
33.30941610106378,32.515394752452664,64.9800799654375,66.48007655149478,0
43.13270201464496,88.87552756757913,57.32787078662619,89.42325832284656,1
78.05811375265843,37.86146074269777,50.99169701558279,83.80252535954187,1
84.12037062149564,28.02437470811288,72.27293280421759,13.32460082179402,1
26.034854341525005,17.63725991994409,11.514352331120355,95.66794413234834,1
32.249044096772984,56.037802297388275,34.38851332741578,89.17423023179204,1
24.248285302833274,50.56638290364586,79.96534581588651,32.09271795079598,0
47.98634005510651,77.61809301428286,91.89793958654066,2.0184418607039456,1
68.3258357658813,51.814232847373276,49.45029366138235,60.39759467582875,0
22.825287546342054,40.9434372031934,17.333558212461973,43.84175768663881,0
33.073574205486665,33.54894240696497,81.88558653056391,74.9566662586132,0
93.03846175891505,35.0332070922974,89.66533899454602,52.45997645086226,2
4.8569289846958075,93.50631116450326,47.22942436243475,7.649043525094679,2
46.07696052395662,24.85707418790311,31.901972852824933,24.468742025477585,0
71.15580415967779,98.93587821014351,13.957450140065077,88.25237561265295,2
15.045401155747406,39.42275096730023,63.19745397053703,3.7689695715050098,0
4.737402000548185,17.955121187574772,91.88825415062493,73.66696693982871,1
13.820537163853075,32.38213427090785,71.0099222968293,29.19435079514323,0
91.88231935306828,15.257294159915684,38.55237381052609,45.263980304249706,2
0.9259781821123414,81.10267922475244,67.85994918609703,53.10054319116085,1
18.832197481135182,56.12976212869949,84.8861566703223,25.008135730720106,0
3.128351290164455,40.32879569801209,52.82470534145121,65.19604429976627,0
11.062946756220327,69.58446441684063,83.77736409980547,69.34422180978763,0
62.014928662829625,66.75818733552882,45.27187089997187,8.50594796707751,0
24.163890873908578,94.58848803048312,41.36551107361936,37.39270758514206,2
56.92120504306768,96.51344650735417,62.46897632906986,74.43773012062915,2
59.019538276612614,71.26153980988647,51.82177759250332,72.16375598411318,0
84.9435333089779,83.60343345197516,97.94007284149748,54.46033439052391,2
0.47413929118739206,81.31825903016608,56.47504811753573,77.76747798680141,1
85.33694593423668,54.21731794299098,44.66548260244194,10.764489303984327,1
61.9119086426974,73.40124592300752,45.54401888156826,11.821126784453007,0
16.27434861049576,17.043310691521317,59.314595555180496,65.74893002963448,0
77.2937388135284,78.22189748352763,41.94208342073758,69.33338678951289,1
85.54915417905858,96.56497064731309,75.06159417684424,81.45268553210703,2
25.42634837541573,17.64772778131646,44.259663493147684,18.103687777325707,0
91.87936809026809,85.25042061326691,44.572994787271874,51.677165943110516,2
45.44574302986578,93.96820239843441,65.52759244391243,66.08312971355824,2
60.342445433332145,30.35700008218559,15.476218542640897,22.369957382901507,0
98.46495336176436,57.233006884828335,68.98194263036315,51.692786559399075,2
36.15360786391994,93.50724029166896,55.44749954428184,63.8445024390596,2
81.31593458201128,96.42034040706712,50.77235028579775,21.44495114776803,2
31.839911782845963,21.50941459170847,74.73276916371562,37.55634102501414,0
79.9213522241491,41.41038029999056,78.24302038043749,21.6338810135708,1
60.07339188626425,72.8330177035771,86.16347770712134,90.29429044285988,1
21.635569522540145,29.940264944733727,43.732280873570254,23.679888192999176,0
41.402609378923636,39.229356577103275,39.43339230280429,12.083462598579697,0
31.76356343635617,12.096195400422395,74.29078913450675,3.5155311527143684,0
7.810839308036388,23.8169512838079,62.36243732264013,4.495347241135017,0
2.9834770099697483,60.60965449759694,66.8621391716635,19.15862349668169,0
34.647865540718094,68.77810596737645,59.99706163952518,60.82085113069523,0
1.903414781748658,68.40206479862533,79.54237208834691,1.7649874511122654,0
16.548775758177502,80.0524423700395,27.103679964293786,28.674392475714715,1
72.51833208508688,47.37532723649123,60.014091946725706,5.816689132329933,1
70.80912356835879,34.61416446170399,24.22916100492668,40.36587702991676,1
73.85803864573826,11.40226300382725,46.652674536189274,4.857673782985761,1
31.715317112997877,28.59668434471482,69.75944410744674,60.754177662082796,0
89.00194571176955,38.114903098183355,54.37644474827534,68.84242655190153,1
59.38305480284476,26.038617083241896,44.16323830049631,73.13375496437635,0
12.602634174662652,11.813002434694203,89.64730012740455,22.434339864625507,1
14.371866145553414,24.170284779867245,79.55431430477306,86.85001619617432,1
69.30954269297015,69.9489598210815,57.366170650033744,69.02881673309264,0
17.294393644207805,66.66268748253361,95.50478401079391,5.665021929982039,2
50.72927015820433,94.21152754582381,48.19287604914945,44.076670870142706,2
99.17744759287108,81.83514622575784,80.92656348292954,76.77564933724813,2
0.4007604733339498,61.09805051570721,25.11426158212761,31.089392672022974,0
1.6579801897556923,22.380071274389017,35.72132293995372,38.15587739072648,0
99.30845819305065,60.76646370326412,40.427702320055936,62.960382729654285,2
58.46388341341655,15.543555482276268,19.523867743407095,5.54808801158978,0
12.690997551851313,48.77964076697675,55.16243335684611,96.69350405079173,1
89.73021997540937,45.12327660524759,27.30341207138461,17.44810106097279,1
88.03803001276921,48.50324284266475,67.07673005046928,2.6671999646260325,1
53.62004131113752,35.18433265553085,27.108312361571645,0.5322982040420254,0
62.17920298607565,71.72474028614414,21.11556316053478,39.95543749993957,0
27.318719150087635,85.68500205689016,97.2178054839032,88.42533654753777,2
5.051969637200515,79.16652933390797,69.24162752299956,81.9762079217929,1
59.45676088908643,66.49768862117924,94.28058232376397,91.2045798249695,1
29.475519320276298,58.451031939971195,54.08990127939088,53.378231932889896,0
66.3621046660352,12.797576200722734,13.006221675703681,44.87462338751643,0
83.62451768426013,75.06405988227291,61.693405338829955,38.586097610679445,1
1.8160543914364058,59.048464562064765,60.24959981521376,4.641807579130585,0
59.57137746857274,34.36669455974982,11.347804534293457,90.95212563051535,1
23.128053968685226,39.50578349680975,87.51178399616485,49.617609228472745,1
87.38884979038014,94.20461078227673,65.79736125547822,45.50674310515102,2
25.36645065618285,66.19260206055043,77.02220524385315,51.51674870141173,0
61.07701332354183,52.83211911917755,54.45289955417631,79.41545181142004,0
55.354084008961145,65.8829565737567,65.65621941174368,22.447108598256392,0
39.61665000592489,47.23680924870913,33.17229039056718,70.99006789949233,0
67.7620763599794,52.31640458827146,97.63819909917825,71.0769740854033,2
72.5769634715434,36.127833103690335,46.06480067928986,84.95527822581829,1
56.69377953193868,49.586797053248006,24.609395920386618,0.8683598463870013,0
75.84222371847541,71.70330091941194,15.032387653716459,17.039554323513208,1
98.34170759929376,13.59477325778223,67.25547397768341,47.10468520447555,2
41.92723879008051,81.55246665665393,98.50418660588102,85.05403874614784,2
51.45830518855309,35.468158677518154,90.62150471616535,96.5116861627984,1
1.2469877941213237,71.43038140892497,73.18941107377722,59.48686146794013,0
79.60285563103784,67.8452783212054,99.15381360935747,21.213397542302015,2
52.02300670459938,68.73652442271748,75.05454358378958,18.458469582464566,0
40.79614303605652,64.73160246302226,40.53260110612564,63.94439539862674,0
9.40719630893958,96.31916542625814,64.10963197541558,21.00691470594046,2
88.96564216753973,55.75097464258518,17.178997823700538,55.30874239208862,1
39.50072400405564,75.90872039638163,29.951424120028676,83.4811929143902,1
68.25815982092203,73.490439811112,47.5786212335643,38.981964846209,0
14.937415636815077,31.264081955049733,28.163664420674074,37.84721897419292,0
96.15496295410325,35.4975255268143,95.81509133453535,3.6140336891073765,2
17.84417618218309,48.16153883412711,99.60377740701844,25.40845784245549,2
19.954199289949038,34.992813741688835,43.38423281094989,69.81914596192745,0
85.89828605577138,43.006878903696375,73.83060874694789,36.03912451321965,1
91.25827441419312,45.186455253547535,46.69936575969165,15.829891728992196,2
21.21474075233014,64.34781048445095,22.555828394758578,10.576773376032712,0
46.98008881748279,29.790103846155546,40.32341629318977,9.505337815070892,0
73.34949045628298,82.38626792890186,31.00345288440969,65.91334331178952,1
87.83657338108016,49.378272109435414,39.527039836667775,61.26214787935487,1
37.90526950373052,73.56197005149221,29.351951955794487,51.85210056020849,0
51.70194868494292,17.329823311673607,20.111060715242175,50.03264481591394,0
74.1716410519735,52.29688547119302,29.568558642617162,15.313685268787157,1
73.11359766527954,12.539757895959548,91.51813286468585,50.060422476008725,1
78.29601300260849,70.83189926340083,17.669950819887585,5.993777660037991,1
56.99338186415264,40.93390692973626,39.2280979379711,92.58584586026879,1
10.461509680477521,95.43275326952458,57.56049050523718,5.8027554002606845,2
90.397329087804,39.17117931412774,41.90613905605211,42.353019489391855,2
86.55725393210282,60.742530821595416,56.584638551699854,0.057105640317223205,1
79.8097435818333,33.16488181251532,13.907805421091856,78.61504387832446,1
9.986247716072949,65.81013660526062,68.371267002794,16.617018853563003,0
20.43973670814292,52.03381151199111,60.71309214004542,92.4916017821678,1
74.3600365107652,43.35654353550696,71.28696392692224,4.397774786056452,1
2.3140094581946435,28.33204141721619,61.05320342445133,82.07873345644269,0
97.92246337072797,20.03692095743098,49.41132241830969,65.66378128155883,2
37.714468035568075,20.789122056100595,41.512738806467425,24.973571888589053,0
71.93125336908236,99.91360157549978,30.379167108979857,20.241960923059487,2
88.75710884880434,47.10796541715112,55.00609541259514,35.76779333770224,1
39.462988815008224,10.173673708600552,12.344720713975628,82.8402883175355,0
31.913248859966604,95.76359115634129,39.54167452893932,86.19565483354556,2
60.87411288982467,11.798193180683139,71.00850642080763,17.528537952432576,0
58.09893737480507,47.67275129990803,19.784533571772336,35.34480396843307,0
40.91399776247972,74.57298273735903,15.660211808757573,23.74913839022539,0
60.177475586770846,92.31393199345855,68.69607447622288,12.26428476378979,2
93.53813695664948,74.1597662288891,45.79972490281152,64.6449387528928,2
46.76402566265965,51.726317941001064,82.1642532894443,34.58710232355353,0
19.67421807506313,97.69978350856931,94.35801735741916,22.53840447763341,2
37.72059828830039,13.538744472994338,96.13364083593193,86.59977735019763,2
39.41069825931186,98.82029822842073,48.30335685047613,74.83179309035664,2
13.110869302621985,86.4452396537595,33.78945018475291,77.37611486963425,1
16.28715005545549,93.60370154137232,64.77523648682302,3.919589118328015,2
68.45620733936772,32.9295181687783,66.53736333354126,91.51304492310662,1
33.94777542089027,22.821226505584278,66.01104424683069,57.47383779742352,0
95.48983918558076,69.698375143543,38.9600752346993,50.38028046845188,2
24.35967453586074,56.4273494187508,15.737656277557273,1.0585346027781162,0
9.892450510482231,57.08511646699415,28.900435494303906,89.76622104341047,1
75.3504563000258,93.21572606348958,23.897748522001038,54.38904704860006,2
88.10360519178701,65.8072815987936,21.15103112049792,82.51534623405354,1
27.811335687148787,37.99574515941309,93.36549889644158,65.55109607382937,1
20.208810164547796,46.00599007760884,11.246288137657114,79.66936135108804,0
18.576613487108716,22.01462515826661,64.16719653126896,69.29317485578024,0
52.20123013665123,27.30826362481204,95.2726416166123,92.09639023358267,2
46.841664124677095,22.901506318858466,42.404781474471505,22.54841863395497,0
25.94398398545342,82.9262207090219,57.43882802552162,20.21001047329072,1
4.517311698942638,73.43861211749069,72.62052971276437,71.25415619451219,0
48.14913403262807,57.73105158497667,38.54527251924149,50.1394800583469,0
95.93323476356083,43.69310502648137,52.98867889365242,59.916117033487005,2
65.25192007526633,70.16448612919154,83.53925652994768,70.8542469191227,0
49.55065566286184,83.16148129261849,77.08200987522372,54.742819700000254,1
11.069207402961611,89.31098941045381,82.76044703435566,78.76934476661962,1
25.243629054958728,59.23146053857002,98.86061472648903,31.886735593585247,2
29.477394957454273,83.78966096377307,43.32947274425611,85.89904435996921,1
76.48035526072343,56.01753580714255,77.23821366421959,10.767635292560074,1
87.67107972646193,52.707708026910176,64.25061103917847,63.40039769611868,1
90.16418535664384,87.88886700598903,69.99442904990767,89.01325075267977,2
98.45686082507541,44.77365426381976,76.5886514349641,25.269412790170463,2
98.23666831045324,45.6321411136632,77.47581852516834,32.683467492391294,2
95.29991327679814,37.44202107564246,89.71706343653376,30.54417784927389,2
7.182214050288438,56.6831555465155,41.43895077124499,56.42637117750338,0
13.779353592780518,59.03650303205146,68.81332205007195,41.28718155651485,0
30.44665264760329,69.44150307794112,35.226138843717024,10.795928499490238,0
55.28982540644615,48.74520790986135,63.51118346052776,89.128722175646,1
9.69778887054793,29.60535626952394,77.60576261547351,20.467662915867415,0
84.57969578021425,88.01578561724882,81.19009775454764,53.408001098852964,1
61.67561790773091,41.1400780514213,47.811205269021045,59.48048959372615,0
54.236440230220495,93.06490778561572,55.78482008812238,4.07518436475417,2
16.531132336729115,28.66179997238102,40.04648660531556,9.571232765433724,0
25.325547440019736,60.405172861260745,25.213271188566747,97.16897104295516,1
16.031202498225806,58.295358417650704,33.4465664673279,66.45123401493824,0
85.19331577947986,84.57830631342958,92.0923304409842,3.356517704642692,1
58.42278600612182,22.496624807574676,37.807258816838434,79.41992206529987,0
73.51294275196334,91.89434556257152,97.72834001910492,50.854280927748555,2
29.603286291002572,57.828535495486314,31.733027669384356,7.519957207847561,0
37.12526370882772,62.74984455229298,75.07639787329403,68.07520980477912,0
40.48549644265338,55.91496639679904,61.65129642146521,49.93518058684685,0
76.00149717440348,13.242241615263982,72.71830445723188,20.491980111092325,1
77.23529876745681,54.73815956259383,67.95621519482629,87.77022720888196,1
20.68135275140317,33.71946964092915,73.60737252378303,29.137985830025414,0
94.1538856738099,40.841936234004834,91.4992343591913,28.45566354533078,2
12.06553374436864,68.4191439268426,60.712254645623325,27.277358179227875,0
89.61220824236304,54.792741652669534,16.106390461359567,76.74557770890512,1
10.03956456498093,18.389639140071438,34.37428910022096,70.6118670380532,0
26.453981115131107,16.573714728558304,73.73970823678874,90.31456854703575,1
84.64785360679569,26.70919260556333,54.4667165178106,22.933921958427973,1
17.949207234608743,27.17966319150013,59.36967843577182,78.63645955428083,0
41.356793130996984,64.74706812742284,63.69224098422623,57.30455765280959,0
44.98592999441262,26.00330176409885,44.4366345686113,30.867960965266782,0
24.525897302320963,89.35474809472936,79.65059725790697,3.545413240775064,1
71.02452013359866,28.87845945520718,75.11813955068936,81.894754985111,1
85.13346494022038,18.201830088374436,74.28694709738025,24.107137151335635,1
87.45751398555718,88.81714147236822,74.37791566314502,63.174303621491944,1
33.9322145736561,36.57948184690597,90.13222014888231,54.886793605981254,1
53.08503942878144,48.288036685036225,63.585350149894694,0.44495386467838793,0
24.84064038656515,96.31237456111981,97.03649795472624,99.43436299397625,2
24.479650155014543,94.99322972419965,20.727341595157412,81.43293558001288,2
16.125406285192412,74.3425200338426,66.8763078934478,48.64712706366821,0
94.00190108075147,16.204505655929925,74.5233891342216,68.0341370242383,2
88.798882860558,63.400611287025775,52.949836985892354,47.65942365907726,1
77.73587133276922,99.0170141538032,35.93875478112428,74.45862712787307,2
51.7661521287729,95.22246055815825,59.503370743998914,13.432854581889409,2
49.06079155118719,19.540224326794856,42.82729122616324,44.635099523403035,0
52.974566618249796,45.63705727813318,91.82116639610348,33.553717707286005,1
53.65680135770893,38.398307131255535,42.11131712799294,45.96552434940349,0
43.456308469769034,21.6755296214415,25.813629343191618,45.04726528603642,0
13.175483289206745,72.53184801238848,61.87502261489075,14.309394977919432,0
12.566385286853599,34.64635279242131,45.63933322423324,97.6488570709029,1
95.22497158456832,41.037922281276806,18.630833032075692,1.549214278812805,2
48.203075958635054,18.132298903127616,60.835811589811755,1.0072944817398843,0
95.32055249051889,54.81708029007991,58.406177004913125,37.34413185336578,2
16.357687771010998,24.235107728685083,25.58773779698756,62.03763493468175,0
55.441655203993356,48.88813812215402,63.78743520638586,17.96532268149282,0
20.771725335153924,22.900799989297134,61.06230764717401,53.31940039041611,0
25.318460612660154,95.84649009551312,79.62513607374319,72.27719679634788,2
3.0054578761178785,23.048427987742834,42.54129368583709,9.406060904015112,0
11.895331074021131,56.96984384655699,32.38835712972754,98.44224080159334,1
91.68484076291958,27.728184278708873,95.6097898273698,33.67006477392943,2
32.153299148233174,16.872562312534832,60.50957705045093,64.2415413787249,0
60.812921191459154,28.207775695788836,12.442596299576227,11.07198581865757,0
46.5014131989273,14.929669665139247,83.86405157005689,70.94863887213265,0
40.04512452452783,22.54576448088899,27.70822548270467,84.04563470624859,0
53.188609134606814,54.413574198689524,80.74326858812591,10.528514233062236,0
18.72389446153415,68.66339689518168,73.46461844403683,12.586315437006624,0
98.86038985195765,17.86058335646051,97.19323518368415,28.10474143872277,2
81.83078687038629,49.691676151384165,96.90213714350736,1.1935815375329284,2
74.16146327315153,62.312232056801676,34.69695621901839,98.60512943372298,1
46.87592970139525,31.080310858995535,78.98046231010765,59.83840749526497,0
15.287712212633597,43.48705703644229,38.516957720193155,60.75894499635454,0
92.06658582735679,16.465138276024778,66.62781449466348,95.8962169651636,2
34.138706738172765,29.81179722097854,63.797147645913384,83.2029254319427,0
5.010668969693377,52.0077633327046,14.908916405904819,81.42429309683494,0
34.240367681062864,99.13979610327901,10.466357485182181,33.950236990162566,2
79.44570304958843,99.663855664522,15.198761313532856,33.48633934646455,2
62.27087449882082,98.16595130118591,21.5147842778567,29.173795981264682,2
75.08385847448596,48.07777476702948,33.18872422129963,34.66957617763199,1
79.36353838623774,17.261234057319854,91.62597009183061,36.950876135985055,1
21.19546110805426,39.12160935244002,56.67694078120177,14.000368898059335,0
92.37833160931802,31.394293783387955,81.72025649567098,35.594786270209354,2
43.79896029203726,11.271391741886912,85.44805768964873,44.67470352447276,1
63.90136492641646,18.571024925953786,76.14487887314871,30.934733874665852,0
0.23087725867420028,50.78727415441595,45.224661197851475,16.534696815754778,0
99.3368498411178,40.56962174238673,87.74734544568845,37.34103981784976,2
28.08963859641551,26.231834947103472,76.78447779888286,48.090777321643586,0
6.206310654015523,74.44899735928723,76.88362990645471,72.07283866671284,0
45.826204153651396,42.14040363069567,91.14168944490123,71.12377614746703,1
12.903005718204174,86.66810701718899,63.879712521191536,20.269503108332422,1
15.232671015757571,31.68794442368056,57.571698696595895,3.6655395168237126,0
63.228281303021014,58.45541410779623,90.11463018373678,30.379952180706926,1
39.29273915702333,26.572529543426423,50.901555534777714,15.71363048589508,0
92.1852450154995,54.57705547472578,83.04136264259586,39.578847921569405,2
31.915649460807003,23.72198580805476,14.846172440032696,97.93461191526043,1
72.61801283839011,24.542076193436973,10.116095001068992,18.107137090522095,1
46.109943015490764,65.10010393378141,57.54632406439212,31.887394342296894,0
65.99513011292788,33.74074379581901,16.625070443474222,72.51143163195724,0
59.96953567159904,25.513050390782258,97.88887121077572,50.91827828619216,2
47.27839727589982,93.67914251215659,10.495105663581889,4.392814357338493,2
95.00610946244372,13.870292566604597,74.63346728487818,16.169001816132166,2
34.271364275495586,60.86333014262984,31.904622620759863,93.5249554773196,1
17.723550124927257,59.343745764993876,97.07968047448506,10.316499273902846,2
67.80940608798282,32.554798696275384,44.33874855651065,63.50927872097058,0
84.60075613079087,50.7494570601536,12.455508363747864,79.23256488409115,1
4.0253739939923765,17.89640047743719,12.424218886790445,26.54390627249239,0
44.96326884226806,74.9143131331497,59.803603455221975,72.50780031386901,0
89.24876896873263,29.952743353914087,98.8040781128153,16.989517903018026,2
74.96186189228675,27.404682384390032,98.17961815411475,28.475027483379034,2
99.18077164976282,38.339063044975276,40.354567506033916,31.182203088420746,2
53.141381159724375,91.21329282368278,53.44332842700073,99.64349905642236,2
65.99957188011513,81.68199834551883,19.04102252180345,21.45722952179573,1
30.248028113792813,95.22030620203819,56.99591703925585,12.920746463358501,2
94.75355996659923,68.67661114297769,63.97314391434458,92.56914374814103,2
36.63354885565363,69.6629359928879,32.59554990501889,16.193069382035276,0
73.85107126866286,53.20278994835952,65.09029923236564,87.92799196294054,1
40.31402041190819,91.46676910302779,90.97234765266285,65.045662764669,2
56.18189300629993,55.97894343432961,10.085980008113248,57.686149807051876,0
71.97825350215462,41.955406371552215,30.604039687715,75.13387115465768,1
50.893415175135424,67.63375089258986,28.892760699154433,72.599895714805,0
90.70863269095085,59.152554406086715,21.149758273044434,11.052618941831371,2
41.930098792781024,21.161783377890593,24.94910914633917,99.94661104066891,1
64.70717981433252,45.34528725211866,66.33212908288489,94.18897264487286,1
34.23624333000541,38.1992869985032,19.242495113557837,89.65919628619162,1
40.8156668231013,86.21503975100185,76.46784481186495,62.22891339424068,1
44.00501082335524,44.09583012757979,89.8320331502545,52.27913313323141,1
12.580701831228524,83.93997093750033,93.39289517605322,53.62785838816683,1
9.17236790590067,49.8150634510851,69.41582328877308,1.493694422823244,0
66.74899231467579,77.8150507101049,27.76567695702544,49.94695019454429,1
65.55177383430522,22.175373566007092,17.67669179859171,62.376956765991984,0
66.29097142100953,93.21851976926162,30.882245842629963,65.87062087749484,2
1.9766445342691674,53.250390171902644,96.57614672065382,33.2139465051313,2
32.65468426717799,33.38184210636757,96.61106815756409,47.12823502935495,2
19.780984725919694,31.73406457283262,44.372699552650786,63.63106066625745,0
77.81514225440124,33.856955971747475,39.32123869877955,42.83055102751817,1
86.06304013961301,43.00517556261709,55.900952403315884,96.21351989835252,1
24.668037722614734,74.5767579408055,36.251928232066064,70.54421098520002,0
66.78491588479864,95.46427386107142,98.16962064900069,0.1273746250890495,2
12.936280345827445,70.21336871112689,29.909925102211968,2.3279481482253006,0
27.515252560171334,59.244964384969066,43.22284139644917,69.03002034683745,0
13.865449623341952,50.37380272154212,48.64337881301605,41.264509754550275,0
28.352076659922922,84.53750203338548,21.255762077304595,83.94709492122662,1
67.47365473492779,86.4691482201463,44.45423440931169,17.301540948626204,1
91.03269101852524,36.37339069895367,87.1057648091776,1.382691405229186,2
20.252240792418597,95.80782237880871,22.632490131108263,38.80823501137123,2
54.20790349507192,45.560382688574386,62.56197557435685,73.6064104307449,0
70.13911012434323,82.0070262272375,46.59734242540151,97.17277333775685,1
95.29224684855657,97.013789027401,25.348305350570925,88.36538793510555,2
61.00604828871739,73.32922907700501,11.110254800428525,48.407461193713885,0
25.51069310273807,24.539565380607435,34.600897314091014,81.28172831963666,0
62.54781569139362,62.752325965653775,15.564606462820173,7.033045786761405,0
32.049116167801614,20.689941078602057,43.90916241670617,57.22723475848833,0
97.61283906917078,81.02278358820337,82.91888701294111,92.42984130144701,2
39.967613516363684,35.31836564864946,74.77167347898512,39.63851474907399,0
68.54277207610141,72.56933407540167,95.26453405315903,96.01006296631157,2
2.322758234675848,91.90807067171791,48.431387560336226,22.06850967291053,2
40.006144613475534,26.290886560315514,73.70212587326675,10.563380953339351,0
87.51076133225116,45.35720547410501,69.88075498918182,52.476233608170105,1
61.022744443324584,68.24069092662097,29.53416728424336,90.72468719812244,1
44.39428863959763,47.7692733528551,37.322425470939265,31.127921874474417,0
93.59374994357259,25.73370474622437,57.684658005798426,80.01603193989524,2
85.39843761472291,12.61644527519173,81.69915871053297,16.919726588028094,1
32.22156738229383,46.593832933176664,51.56314610166393,74.55703960009396,0
54.45484020413396,68.42881239237283,30.496738255797457,55.702694138743105,0
48.98242560924627,61.65857873372398,99.41191212523329,17.501697539437224,2
63.220250011486236,24.061711578457817,20.40209257183016,71.80872494376086,0
33.41112669587556,50.5624099480648,96.0300016742195,71.37561134564272,2
24.420500076588823,43.252394156312754,82.81416595874398,51.54352291434403,0
91.2671835255536,34.67821620640599,85.50041673770666,22.546763764267464,2
92.38744994985063,75.63441194743503,81.54258247823495,13.229389224499656,2
84.3322885761979,37.86868270244659,28.73538471741598,95.72550484597893,1
97.82044307645613,58.61277570997263,66.93241396557175,65.58125382591552,2
74.49915257796886,93.09011817426548,78.10748312058386,80.9241483573384,2
76.46672285619997,58.534838402822416,77.11172128914863,69.69705290502417,1
76.25900919626407,65.53206191445047,34.440883348966985,82.9473665192289,1
48.06076309423065,16.592138755079624,26.300744898731327,16.24908197489234,0
45.64521945142717,26.03207293675627,39.53106855230943,49.69502245470444,0
24.022627614900316,19.085607936830215,53.18600323396526,66.71247705022934,0
64.48191943592904,78.83316535202562,61.64026723573089,10.338989989521796,1
28.932013610233454,85.23289728251581,85.32553260872444,14.99569493284083,1
25.78084097023544,26.780976387511988,79.21308049341545,63.39825942509465,0
58.596137409605475,29.734457583078193,70.85354730998645,86.870580425382,1
40.99823882250432,39.08865605435046,33.714036364848454,66.04161789415977,0
21.88566087946322,63.196985525845186,53.099244904144896,3.6204813456075624,0
81.60560167528311,65.96165744200175,40.189228671516496,97.0432917090323,1
86.0569919294376,71.80785626873119,31.143536159548074,13.950690090624507,1
16.769951967778095,91.46734805921163,10.92208243451315,23.256223355248974,2
0.7507032799999869,36.553612644688435,40.551577351362155,97.49672819047242,1
33.61299685293737,69.2883090286098,33.050464094315934,77.10329966533749,0
79.75108356807526,60.375056119992294,61.4712094270135,93.65766803785066,1
83.91738662343245,37.52535163713104,15.607159325534099,80.66196928080296,1
13.832907011604922,91.6673667934306,34.3467637039181,65.17344750032001,2
77.43359011830512,18.593507076329573,14.02925409895738,28.4552998863006,1
11.570416730942945,74.08009241488463,67.72761140620923,32.68814416995254,0
39.00625901565292,75.50863417203418,61.13706027117624,94.72710730443697,1
99.86095150119158,92.37938749209654,40.37320207670259,86.06256161556446,2
19.259082323090983,56.67225331162182,23.260114039198942,35.949044844232645,0
15.396358257762643,38.946010439732135,96.21278494918616,37.326741762070384,2
42.28003325467935,84.49666028740184,62.59532026497521,29.769439027588472,1
61.96685259698614,79.37292536491533,71.12020299148611,32.61301426250039,1
93.29007824132532,55.028405297752336,57.82138779425067,86.06674662887856,2
98.08211455330343,79.107163807043,82.58799228815846,1.0506856589846847,2
6.964063659139463,34.10880418695347,90.67420445933092,43.60526211095247,1
13.799751734790533,63.05556973631211,44.44394892378668,94.28396785279078,1
79.07379738959939,87.8665109309088,72.10227810075494,54.263635518280886,1
27.063215227086047,38.61860541548613,30.689873609175727,45.04457901439035,0
88.48490595063606,53.51949841876689,68.66695424458345,31.23698046995881,1
66.34532572290868,95.59403687556005,45.92400669788974,7.391262986190384,2
11.184480238067717,81.8390657774563,10.610343946117446,22.44864780275129,1
83.25292849240071,89.83351182974974,95.99750815803587,9.045840993687126,2
17.635638000807585,44.67223548014017,88.15973909848469,12.669942971542824,1
42.34953946796538,99.68547336711029,36.17528953114255,16.35165441262698,2
55.218492855933,23.730904421543165,99.79815828095745,30.202943208427847,2
50.07661490802783,56.68935248946781,38.54149071008807,1.101667999553546,0
68.61629156151504,53.13460440666245,51.29597678131673,95.01438855932477,1
65.26867348692552,81.8588971720121,86.61331235569753,12.381909267697456,1
99.20420055280549,91.77559952635107,37.413671619523676,38.31488723595871,2
99.94219092241879,75.80254392172537,50.548625594875006,87.95275597147806,2
51.64594026356409,66.41346125172726,69.902845041093,10.656797019076226,0
9.519908696086398,48.46862717636534,21.74207992951854,48.36042517541208,0
72.78432989687184,55.92933253681608,48.011533182254595,84.47835975413957,1
97.66640782165892,55.837028190233966,37.84689436254638,55.69626240341401,2
31.832638762902032,11.83316263159399,70.90968752783363,21.034359542276004,0
46.12088858375738,55.27412243449099,22.23724510543346,73.55095314125813,0
42.477692481545596,87.03737201567124,30.945833119084366,68.13410628675078,1
5.141915455692936,73.83466100280233,74.02385833772345,36.21859065469243,0
67.22644312234448,81.61377599125044,24.06019327517033,4.629516158137514,1
35.33376950684678,45.143649079166885,47.98173360159007,0.7864689896093902,0
78.74638746315023,57.60759132216622,74.15926498833569,82.53928831271716,1
83.21200752819861,13.013521209739043,78.89215459870047,32.15573615590686,1
82.12307865978454,44.46981479524092,18.53930608045016,13.776989860590461,1
41.666599803988014,52.697444040337956,86.67960484775304,51.85512261629821,1
32.15456822408995,32.968800963917346,75.15750710169698,92.08332957250902,1
74.88207796670548,12.811688109158483,40.536512982398236,0.8480864522397713,1
80.1389433842723,72.13672979010569,78.7422567097216,5.614354067641447,1
49.12574463913661,49.15789757639589,75.54689788065932,41.704493258507235,0
89.3031019536303,47.41103738010108,64.0802103857547,67.59659067550633,1
14.390869607855826,32.4988078625658,60.26330560652599,47.61004587670502,0
87.90687796589602,58.40473590982154,76.1233140009627,89.75484384654047,1
9.609523297188128,49.422410314365834,99.9333911534909,4.408455553747814,2
15.35255220546139,52.658602572618186,62.06970243842968,34.01408696437436,0
53.384001327396035,62.27842135927438,82.78460845860232,35.13478893887208,0
6.7518480187415015,10.569218251576181,76.98463455840246,34.01272259863417,0
5.280710140011036,91.69263131845803,87.02275618304431,48.76859121233906,2
0.05187441657055203,16.397865725057315,95.90723752457245,79.05770451946104,2
43.631665969426315,50.58322725843951,27.37748867147337,31.788261640281736,0
77.46238812922299,28.663558771544327,24.891367275560466,74.44832066322026,1
3.4838350279915664,57.140413243288776,62.771664557341076,14.646547127907139,0
65.22576064658554,35.22070979174241,50.4365556597854,56.07248556339503,0
82.31273174161865,87.40058482563435,61.36504236272523,37.50880256655451,1
16.800084857787112,45.67238505661782,81.82384610369577,53.92108022955706,0
14.686373482140425,67.48800001915936,93.85430320443217,10.774975037224943,1
86.0800973620536,32.399175533309105,47.56742426787023,95.34628467609085,1
82.31246099500947,11.746553544461575,74.6139380989262,90.62141168017779,1
53.89417662641869,46.373908205194844,27.711926905726845,82.63963042906289,0
81.91998792939803,58.28378406024611,58.10967544190712,89.27828233880518,1
9.275607742449477,51.359243613557524,11.962430000246794,14.66878701814861,0
39.44815179387544,96.5812927436974,55.33755104197873,50.372177301966595,2
73.77975561063728,73.61552564614254,59.08028132129499,31.79091587565234,1
25.745195932396335,99.61028205628557,76.19008022004981,88.73859413041586,2
75.23289144335527,36.555408128257476,68.45363111862926,18.943768249946647,1
50.41786043908139,81.01479516464319,42.25570608752214,21.99453551419723,1
75.0265987948233,60.000262079195245,10.515781064180919,68.67144563550109,1
46.467963785732955,65.05843190036495,20.393728626065403,8.889965908766817,0
36.79043402218176,98.72678803980949,97.5754588165707,73.23671769166398,2
21.918921647863232,68.85884797760053,93.00998424837752,26.812728831412237,1
20.837934143501503,90.89352031032261,39.258384677303084,66.09353652671473,2
75.1490810571396,75.31752112473224,33.29676459314989,87.30377863606604,1
11.89103480339605,21.464750955227505,49.27746643210337,60.96113732349906,0
8.598235011094513,72.94813392900812,72.09460266508655,21.268373328610902,0
17.629136502213015,53.58840298169338,42.11449053921763,4.91655255392166,0
17.53465114539219,92.69181936841082,16.056446295804,4.461397169506586,2
82.31076228068997,82.61510024714096,46.251558319995674,8.881188201400791,1
39.85066234742124,19.37212188465027,33.45300950332887,57.98179124697159,0
99.03884573604824,22.052407928820262,39.24370100900906,34.82178540406512,2
13.72112577906124,16.2649901618745,24.666152120857397,24.310697739589816,0
65.35398256936433,54.39203872701557,69.29560625010828,21.93065577971912,0
44.87295072012506,17.26945832866177,57.39678399207024,94.8581531903099,1
39.2918176697074,75.13105029172246,34.377680556581886,11.881657589207439,1
87.50841990540823,59.712272330538944,59.84762331756173,30.48144107726547,1
97.55956458283997,85.22965157978281,54.34370624505142,47.14772620191931,2
87.28589587741787,35.181620980418465,81.63773709094252,0.0449526074255413,1
19.230067903513305,56.722670574502665,96.03858424061815,92.09531874757245,2
22.079792120893405,20.573171731948992,21.760345808079038,9.909859076010385,0
65.60738790950633,89.61490023852524,89.55221310171846,68.24706006861724,1
28.90835816381917,25.750446606085447,73.43172444564118,62.88654771624883,0
73.47251307805799,19.212602621536448,72.32981907681143,80.90638551047373,1
56.642065080964464,28.454553867086496,43.6870807428225,65.13877305621524,0
55.09087684904029,82.56083398506833,40.95173759184289,76.93874172159795,1
82.85469248387858,19.523307491621452,10.507553634026527,42.12486087885276,1
71.05327717426778,65.29847453543493,98.39843871735769,48.87044945516232,2
2.6577764997291697,77.15631705536131,64.58552491357439,70.16621021644194,1
4.945913714601568,77.5973044434584,46.209576153153286,56.84267210550511,1
60.15584524560157,27.105479794731803,58.939193970296074,51.15385502667199,0
48.61920756222755,15.546159853985081,13.647433068663622,20.555840605454932,0
26.01846553429914,50.392574539499584,25.628585976250196,25.81082608063754,0
41.865608731480165,28.22368107200915,66.10239324670623,35.84972410593935,0
75.79103187328606,72.93437281125442,56.283555671525804,0.9284385423503183,1
82.661148465793,42.10235196898789,80.83673406348697,41.73634495802369,1
56.12230678900442,50.441854692981885,69.28684214008034,0.27684757639128144,0
38.5369480857103,20.213643979154064,64.12921083814484,56.50154359213367,0
27.069676149510702,61.079525789337254,83.37391338747821,70.40287689723489,0
52.19184707692535,26.697177066871657,16.143679499671055,56.21486316151264,0
31.4749618564381,71.10870948234434,72.17981167881567,69.35199732048758,0
56.40951370472229,16.405194029310433,74.40316419601139,0.0013168556207476811,0
67.66523825096377,97.8305133053191,34.76471947120099,5.944197328430956,2
6.607921091939484,71.60742807272305,27.608467283865497,69.84624408755553,0
0.10674650227472382,26.355661103073356,29.246722791039925,80.29001479567705,0
21.227713884074294,11.268518091567021,27.83267770887948,71.77015708893944,0
89.45114977187811,40.10166029846968,57.140397181323515,66.30122425535517,1
64.62907632285592,23.753193764698665,22.206368022924565,70.738266381156,0
17.196035193702286,29.657019980759138,69.33572752774154,73.95899257961658,0
89.02639618236188,88.54752325941006,19.45704330538926,72.43774983675692,1
46.995594028734,64.28841940457644,12.420067627923057,73.80084776883398,0
47.60917566786607,25.881188772600954,38.7361218201284,7.401970741518083,0
93.55419438426551,60.09934606187039,27.267375135973694,6.327155149462471,2
5.948669218334002,33.020258808249395,98.97958498690741,36.1119943229439,2
21.517827462871853,97.85807779222803,37.26966705554956,52.759671454879566,2
58.57713251547224,12.948150723732574,29.985767742296236,76.26190539217276,0
19.548650958200408,75.90865799510335,27.70928411492931,33.47078187910125,1
67.95270092089578,79.56973235722846,43.64676143231413,27.51170766336348,1
21.40922893367202,16.044648756193023,64.526400579842,78.14483081185296,0
9.915697059881435,25.46824278082164,80.37507475416541,24.933685145399497,0
20.698515964083974,44.58759931935618,42.81186229687616,82.08413768144634,0
42.273403427206226,88.13393438761611,66.33738820385105,17.71335497200386,1
17.61382991730799,58.329994457664945,53.38539084514487,35.94735228724768,0
13.46920249233473,68.97761650065615,86.18458116280586,40.10756094263903,1
86.02818862189409,80.47115519111584,61.213759944259166,29.951044730764288,1
32.03972035973079,84.5310509503768,36.09025046911901,0.3356913887012647,1
36.07586865182536,52.865608877531294,73.32285314604303,23.550925782124786,0
5.527040950122764,55.79138248961332,83.80580392206963,33.765355887887374,0
35.73696235020542,74.62052713790015,51.88965910875686,31.362489452666274,0
26.480717732157967,33.70081228620637,98.8477514994087,78.55554964772071,2
61.04850673417885,86.9040762728972,89.11871912721821,4.736776253647301,1
20.53902976724067,11.870814202825741,27.72592026989423,38.89486996552407,0
88.83654530628405,27.61944419887522,80.80802849406136,3.751545557944125,1
92.96666209195551,82.01799487328529,64.08561199147894,93.06475661290094,2
9.98310571767902,40.6232390703405,58.13301680270512,79.02094370310964,0
10.740295628857721,23.48495494230754,56.25447279216115,98.21615992380134,1
11.532643811098797,26.8079280140263,86.80700285041861,91.01605316960185,1
61.956925631031204,57.76807617424626,64.97855100131036,31.581277211608437,0
12.19689642096229,86.1563376410489,58.39353865483603,69.15834123305802,1
85.23823179302663,16.358564419399954,14.397391608224417,30.65540874784084,1
75.42715149378924,12.743281821218446,50.34725827827016,88.8211187929624,1
81.98088582380241,51.86513222531588,91.7237405840957,41.07528699673414,1
52.60605268860209,96.05686735482712,74.05630564101571,37.58875419042321,2
99.66772115191534,35.110882307271375,14.585858025053808,91.40687442333333,2
4.417510294416127,96.32534851603435,89.5593053935938,83.67402876198543,2
40.12649641861133,89.89130589310012,84.40004992393486,96.64135533643015,1
32.393666893763616,35.482156874876,59.20157904125752,6.648808557444685,0
94.8645498712641,83.5253257830532,12.016491866405334,24.33388780388599,2
57.68609584975929,71.72805723119369,60.618665623042055,30.085774786704565,0
80.61909654447253,56.064015001428146,14.913014493378348,42.43520609547621,1
17.034119365851886,48.062452873858724,38.83410636737324,47.3130045948536,0
97.86341439004389,83.39524803329111,66.60186570124651,29.147242806673802,2
49.86395468763152,81.37714894255191,92.1621775493957,79.04504231450285,1
49.36720762706458,78.12427023483032,42.20160735335308,22.324414448505646,1
97.08847285457378,99.84303560937663,87.40214045951079,69.6517313299113,2
38.0732361217145,53.06612148472455,92.65249093604646,85.17683155920975,1
39.7525024554993,82.62306800379243,11.893949241158289,60.369823915958634,1
58.47527028049366,87.62305302851306,31.548505397727837,35.41589258928208,1
12.805261054778693,29.044232330831555,73.88760693047489,18.789124219665133,0
32.108562641185486,13.785979784775488,78.11587387715936,13.4346194403696,0
19.320832244513053,46.42735619697217,45.31751651953487,74.41747391490617,0
10.32834791070496,87.10630159930984,69.10791514955694,46.913199758351595,1
86.61446063310201,36.01929530750592,65.09427556258316,4.631955116736764,1
58.933116612747604,73.00091386606817,76.5797465440954,98.38395069426203,1
35.86727915279112,10.661332515783641,74.67925849706096,67.130318298899,0
40.86693773667128,41.982798908821394,17.72837181913252,84.41825514269772,0
43.15190036873546,65.39650252823361,24.242516284605486,43.81886713170115,0
63.314918214470936,21.67814710651032,21.94544325333844,95.54386208080248,1
92.67693914889932,90.69462209326906,93.92320628585371,19.95250209241273,2
93.27796196569825,24.06465794053713,92.21883835176904,18.51361229388161,2
39.14919795306634,91.88141905035953,81.7671042637273,89.03347347703588,2
32.926245959776956,29.47503778146772,20.504670460836337,89.17170640057282,1
45.104650018525504,99.48508065242567,61.68443229276273,49.90194854990422,2
56.793423042849255,64.42738419660319,26.850756348086627,12.578635535397865,0
46.181791144974824,17.591040499448013,43.154554380292225,30.521645820327194,0
65.87534098167009,15.874951103079386,34.03821489736717,75.41523380344677,0
55.43990233797636,16.742952663352188,84.60378833387193,84.59919080013034,0
32.07155466940761,63.090347256185666,23.000625956734588,34.76547477448171,0
34.57308057626326,82.86212820946467,68.15612517490682,6.123368181686784,1
37.859278755973094,46.26664675934551,98.55051973985502,66.57266815727806,2
9.463976824938868,50.03521833536756,71.83491249282702,73.94970414382935,0
16.60626324139731,63.035893329816524,17.131014010626373,42.40146758636926,0
72.31138021453862,57.973654430772015,91.70645517662724,58.30976116178693,1
38.909671152208006,71.9255559791143,67.87717099206365,98.73714975240833,1
21.453897256014365,52.46071481467239,51.06798816446832,24.49985993596594,0
56.26724105748573,74.24746165576607,69.37232306870067,57.29776937992509,0
75.55395424734273,99.75796682919707,89.11398974253733,61.09604135626425,2
25.742236234537142,41.52680580238884,52.94145051237244,54.910719602446314,0
82.67898819237445,11.099391662381572,57.818933453100634,86.91295579437957,1
92.75048596250495,21.30625409964893,50.72026592961581,60.50075319221164,2
59.73945290738407,59.81627664882584,16.53322836912987,50.789002239129,0
66.89476589915796,40.983200843018686,80.83631142346226,12.301502666117315,0
5.257599032305538,94.59843343344933,21.377056927765505,70.32091992934255,2
94.55198910219065,66.47014810966446,45.51130092594793,13.210736149470037,2
39.24847342649438,56.83196673689211,44.814056104695624,2.6569893364223662,0
92.390040054543,81.82355511448168,35.203671287806415,48.85311630634622,2
57.897752475024255,33.273088394418565,46.22564133049765,57.244527214773235,0
0.46187988433276095,83.77646862541238,65.62081993441856,99.905406137388,1
3.8541999323435716,10.275499437768365,38.024858098694054,71.23267944552865,0
68.04188056699219,65.77096259221459,25.52607439284488,84.85903202275773,0
56.26680138319331,94.1281435941201,88.24307594565398,34.638803903075534,2
2.6532437206074344,80.9073956830483,97.37493848714219,50.89146825799675,2
74.34599612223853,86.82707729326235,51.27254414886885,97.42689906618556,1
85.21453370691817,45.72592256543505,39.43177411101273,41.73885521427763,1
49.64174824393083,84.18150514901136,14.273387000040639,80.72904248023839,1
46.5757440357255,59.57484985272399,13.316638654904782,52.59891177444961,0
0.5473108834627483,65.6686212852879,45.359379608086186,22.39618515300641,0
78.66497124935992,15.302380540222316,93.72178164708691,58.04186372108828,1
33.07160667461054,28.139652745695294,75.7637689061408,21.806202837032153,0
87.87636197825395,59.58679739621973,41.43424769836975,0.3026989875741126,1
37.3060587558053,15.292095204114789,97.12417826638548,23.589601547334325,2
56.507791063070556,76.73021259289419,48.58821129301576,19.314383235509037,1
27.03417881993275,85.60513076697114,34.91134695771811,37.092117719943374,1
16.058831258491868,92.83261251653244,48.37179202519215,88.85969038092881,2
77.4907903381328,19.159161326182534,29.03889042854495,38.78530735986758,1
49.65904788462816,94.574822322052,89.70748931807162,84.51876274909911,2
53.64879237522507,16.08580068663655,42.50559793759213,55.561302013158134,0
96.54159534817354,52.66505943350338,69.21720680448892,0.7614704222566937,2
96.35799122221536,85.62259185650306,45.01424789444472,18.873671290321514,2
85.56421217024035,16.328002470800982,91.15582761675662,93.12780452080364,1
18.760929276503358,11.640796569008527,67.8142676544067,60.41734461977185,0
59.42726943015799,12.245294683598562,53.94267012531695,92.95468585722739,1
87.81474246555373,56.01432154924302,21.892867226320465,31.012002030345286,1
37.446393644893774,83.04370701369967,91.17249965669839,71.65623782827429,1
10.110616593558497,21.468400396533966,59.21351814445938,77.20251598972598,0
81.09629022399218,21.214922867158656,35.654767566527575,97.56996027362554,1
48.17635513621716,61.16921695448125,89.01342026350338,1.81764831689607,1
56.439268035917856,31.086604073073133,14.899638465496702,95.22372151232462,1
98.21442963178444,75.71923616303864,38.26692255966145,39.159021760416515,2
60.72114304940721,95.46718493590748,58.31455610819328,83.7992405744867,2
42.49793856661014,78.94300659403717,40.58329024389637,54.47129182210839,1
36.99843678471978,88.94578297410249,52.9060829840972,56.46495430333655,1
41.76192926540456,56.76274518145033,33.78846270978855,35.93778881864501,0
11.839908317866875,84.908737379578,21.707478183960745,82.84725903781975,1
79.47505584175718,26.46128655880141,13.316872475516654,26.40135708378334,1
83.77168581870411,16.151310135606465,24.188190842092773,49.224138617860646,1
28.439713457340886,69.03577991122174,95.76518626223306,56.01744987674754,2
30.37966184099441,14.675725338225034,61.78628200030646,74.25210934274884,0
87.43342563348132,90.32332772257125,54.00641127501564,47.16353370415371,2
2.3970355527955456,72.23987323966767,44.58914553751377,68.02828988394938,0
52.045744376722766,95.69806528680208,73.75781313850467,48.52940963479754,2
46.3675714681501,38.24979906819121,22.7133528315484,65.93206369585947,0
69.01267695784597,53.75424782814588,34.85168808873971,67.41434762081482,0
16.33917001494545,76.7521328540607,69.03119076973775,70.94415605292438,1
66.83307407951537,31.85010869147385,53.11579281267051,82.3299793860326,0
37.673400787487644,58.76639381005002,79.30832850631798,54.07225609599173,0
61.8714778169642,69.35205475049302,90.73988595609879,19.327816386989326,1
4.009500987277592,98.09277890023371,84.10353322335905,67.96408416190553,2
46.172719718450935,77.02329648181463,26.578694283465882,7.711808349216187,1
52.22508939823721,20.63177652511666,18.232321197428067,21.895502246118404,0
21.43264028549866,52.780010624497926,25.249654049054364,79.21575286647992,0
13.962365417912071,62.989370469061484,80.51776224402076,43.507014433006596,0
18.84743030123014,23.196082857791748,92.24479805434395,49.80441676512171,1
34.414107806334805,48.87694512829705,93.29039809334718,98.739691848353,1
9.681014930497145,35.56052347022407,36.8394210433401,23.517248584891792,0
94.73197957296044,20.694478803582335,85.63072402122025,1.9552749535934555,2
40.49940614958173,56.08377401171091,58.2611981519887,11.13726095178441,0
80.8969602506749,24.906977291111087,84.05126635133865,24.45018596608296,1
97.44171231088467,63.1483667727151,59.35283581420009,72.59200243964692,2
8.07352800027391,25.27272390176789,23.130389780120638,77.5822031984762,0
65.1669467934994,75.1235431242539,17.12975959657877,56.54889540141138,1
87.14090867412139,27.571746072670337,96.14972342884056,25.50463986981614,2
63.42344339667283,90.66565906985346,48.322230078842104,52.17418945268236,2
42.90261213574127,12.358842089392796,41.54685804075861,1.495755593393422,0
43.10763576379383,56.97976483411624,42.06727762914794,68.18009427417962,0
3.589888600735891,38.80942892978922,44.10409703279248,61.42975554091679,0
53.46007512892753,30.256887319713172,95.04971451049043,2.179653938154358,2
99.35429967868474,52.44425012486332,15.643412866285828,81.70116336327956,2
95.87075259719342,85.78175826918347,20.715515864406925,76.34265351621218,2
4.039922884216319,92.37494849739838,81.06863639336643,30.82237455683131,2
70.57970036294881,37.29237563330612,59.44685422061249,63.5376650632306,1
30.17648666969308,23.88192598855641,21.56830821648568,60.149296346497316,0
90.29891534061368,74.81264028096766,13.101412310050273,14.318027922687026,2
4.511474570927854,62.379885291038946,30.181091345130465,19.325930111436584,0
93.58741020110806,28.09145338098039,33.472966393924395,68.32061362281296,2
83.74757437877768,78.4266209278693,11.279172661717778,93.35516462700085,1
11.750438225260151,56.7037391717927,29.448148450347404,57.628432069875316,0
5.98243373172992,68.80556795566667,76.44870432571597,56.78131455595449,0
83.4707664326936,42.340513056704985,86.98903206733034,64.66816947038384,1
15.575767097457938,49.51878051721384,90.8412246792746,44.05783001781288,1
53.48981529758705,26.230788853744798,45.0922629379189,5.417204350134375,0
91.57448578787096,78.08642808808068,38.74723533132019,39.65038467246972,2
56.74481135493233,24.13101917366127,99.98747633870988,90.02522101178897,2
39.72333014728241,80.04723352759552,79.24064058294299,80.49468003915486,1
44.50160548539922,81.82070693961275,58.36168728167989,92.74235685770654,1
6.311717070387102,77.19408676496094,32.929428942045696,15.283158513241057,1
96.87523213615988,11.748050925286638,38.91749075965942,50.59577570388295,2
31.065418508108277,34.58198913460062,56.38279139464485,58.47281548129437,0
18.936349167285382,52.15039685126324,58.787462781167555,20.992550999297443,0
28.60473018403953,63.59899408451162,11.231077984631003,20.097023926897005,0
96.43731948914788,92.72998894321452,96.3460076744327,78.20329326428023,2
9.428605348800701,43.804537491583204,61.80456226164072,67.18519170522066,0
86.73030405011814,88.75209868965587,63.024241996822,64.71875368151602,1
70.78438944014478,24.70863593231529,29.032402037843728,26.698745798301495,1
83.00191791590281,43.415243875776426,78.84884609211231,50.676942424720686,1
97.58975403678963,14.70538097391907,76.35380680826584,2.3069953489327832,2
84.21546555168719,76.824036195006,18.564217606428766,12.99460526004279,1
94.33823512778528,23.55874816896217,63.549493503392824,51.825086276079126,2
12.693525679091977,33.1318014083612,69.23743707968919,30.96722756319128,0
79.578856516697,79.77099269738933,85.20113571164896,96.56697568965166,1
54.567569408104774,58.124504568043896,28.54820610259396,47.14847232670106,0
54.349559507986065,11.257544747661631,88.98713171257653,8.356415635685066,1
89.89215763205137,10.201168427265742,51.53329645368361,1.7842347255312418,1
97.18038186467113,55.959456856590734,18.687125737508033,72.52578738476714,2
70.4838323043181,37.445996237427536,19.505909935978835,17.150673805031392,1
48.29383894717839,26.22803013956594,27.80240083058526,18.781236900505903,0
45.64038579018453,65.22345439444999,35.44756353867776,42.3807222640671,0
38.63414572231818,30.55928245456844,54.676522401381966,26.406058915346463,0
36.15990295726627,63.29864347164531,77.38760779701039,61.657707974618944,0
39.15068416844314,44.13393555276456,26.805331181748905,48.56925072237638,0
8.975323525119528,26.807159590281074,99.3386615049583,11.145060147723008,2
7.743608526043822,22.429426408187382,24.536973859328135,78.47408479094484,0
77.98698438723117,31.317454281455927,63.94401709499327,42.58588544142481,1
44.607289292022614,12.684889721168657,93.6046392284206,61.083431958930056,1
93.06844885446205,37.73142658326416,84.92566805891444,0.3942332532681725,2
61.22210085939525,91.17592211636148,68.3100281496844,62.6400033436537,2
3.517598218441975,84.82259132947254,74.39436971118087,28.284985703093447,1
15.752334131747947,43.4803381047693,22.078506403482784,49.43707432099935,0
20.581979301300755,61.825025672362344,10.869674838422341,29.772060382128974,0
97.57360243896606,61.06245031126526,49.07339059243355,99.62607446422427,2
21.870422615163488,84.5863785274341,18.056703370447273,23.084231471162354,1
51.57556762880513,31.266109136526904,42.19773057215419,91.28596014892565,1
93.61769316401961,36.674873991371115,30.136851421276383,91.7966631829917,2
97.71927299143573,37.16068903710504,92.47120501426684,42.10006529343677,2
23.636043538354457,13.678299079450689,89.20503991072518,30.400311552335623,1
4.911764375004013,38.321907696027296,83.70485636779075,38.10355468987912,0
15.36018325377585,89.01223989292063,74.25498685725888,98.9339087391798,1
6.332847870255809,92.0788882814333,23.86647361936243,61.879622733760606,2
19.51242410923364,19.867181119169537,14.353068357923641,54.47802378206386,0
56.85697147037354,51.22526874565882,68.84990720692232,3.5917881339427304,0
91.24487962956418,44.321401142887524,67.80323234575894,84.78430303970256,2
53.721888369434,54.04232769610491,43.24818562790329,8.3805455807199,0
62.59895566990807,59.924757165280944,52.54179997920374,4.697236703438135,0
20.18672516095411,11.823288401597146,54.023444941419044,27.4858086117992,0
80.05836206738502,85.80180231290447,31.593531947185575,47.57886050575182,1
61.77889085055832,97.62976658560046,38.274995071682724,89.52889600044006,2
86.41368291927249,68.8064330803278,47.65505991971514,79.00787990828387,1
94.88431070057841,69.44070146440322,64.28611269204308,19.7632144505843,2
34.790077575659225,57.51818720476376,96.02372854156532,37.20795284272766,2
9.057905853543936,40.08460705429435,58.4636148567136,78.02402646188827,0
22.592895791678245,23.4080041761569,75.80475185888814,52.70924474690973,0
43.78415656758372,62.56570084264456,82.63009921559978,17.449194202407924,0
94.56936518244733,14.044726315828635,20.215730917769825,39.60552026783334,2
37.83098223734152,84.20523109226865,68.78122007985468,62.593580450970684,1
77.077321366537,47.882052952355394,53.3899648228982,97.32256748088346,1
54.0476692170755,47.327880174577736,61.51878480231029,66.1812054856409,0
18.280877043097654,39.44537726283152,13.457524219214013,1.6195162231396942,0
32.07341189534516,97.24184998287278,91.55941628926466,70.50082766325282,2
65.31918850228186,25.742525749364695,95.75057346179051,25.08648074572305,2
67.28533946848934,23.617703932769004,10.313373131615059,86.21589142138149,1
43.47597468090461,24.897835139052717,29.15124328373598,38.388990822613856,0
22.864560266211463,69.26747345656875,26.217475633805496,19.961503775430025,0
72.19067795126763,99.27057868566385,80.31740655518662,46.794718651023445,2
16.887304161271476,31.192765336157922,63.827205320063825,25.519797431500546,0
93.66696918651266,91.5055657360739,25.960029696705856,23.582148849785057,2
18.79035790364767,35.07549032873551,83.25738597869744,57.3261800773493,0
10.731236283252043,68.31099281127702,41.81273846251736,76.73462708508795,0
49.76477023653788,13.644905674003095,51.477118866379215,83.49543741598757,0
51.954959810969406,54.608857711857006,44.85759447885809,39.7669870470391,0
50.81929147782448,68.91129696510836,56.924218579710654,6.680376359693929,0
43.666748933883945,58.268779950036574,53.21282219458528,48.397499846555334,0
99.48148928296084,31.405184639361202,34.71256023961984,43.37814770283859,2
48.628061267058186,84.5647253441124,48.210043374445625,19.69789482530394,1
47.7946580739831,97.31228601144163,91.75034348688702,89.61449011441202,2
42.17660627145613,51.32764861228588,55.26047228313206,97.41482530206889,1
6.68257547014629,67.23273386703283,92.4747769380138,5.174718803308142,1
59.295663114961606,81.13719415110153,59.51143430361682,79.57463798574325,1
22.796777222318244,31.73401545596146,79.19355639377429,64.57165579415387,0
63.76089802290499,87.8005343735907,36.42321786937416,26.1436258165908,1
5.083346194847715,35.21808147789977,81.13721410399671,63.515611828281294,0
98.13871012530016,79.8247723163715,33.7889451686487,12.86431916834745,2
46.90050790126722,20.088930918377983,11.75949744786757,6.940650829749728,0
89.67553715906985,35.95480330727527,24.465604885992374,99.34890750522605,1
47.55611732329348,58.0257940545881,11.948758752883315,63.636985845866015,0
6.033081857422173,57.24298861338836,95.23563777022858,25.32226245332335,2
82.2213546093807,86.53880660377295,99.99793183759247,45.00339559037659,2
64.81837296671344,99.65145318747464,78.60072372575685,95.00881822978404,2
78.17570475739451,19.648976127412656,19.731534737642885,43.87250683868097,1
42.81698635088733,34.42493195425334,90.90509142993847,90.04445320023441,1
63.793674424664495,42.18383892007682,76.93985649394939,86.88091979784616,1
85.62290037966075,53.102656702900454,39.90200638618791,34.41563160908433,1
63.10654428718875,54.45187688389591,55.20501206280389,69.60090040771026,0
34.76736348359033,87.05755568335749,69.5583407135772,66.04985037825925,1
66.25295943661999,79.35033725065898,12.164542810594412,77.12118706198419,1
67.18541886140673,11.696642113415798,55.138682088990564,36.592916426748545,0
96.0586962506625,50.951958452486906,75.91558899294866,5.223649849813272,2
37.09123215416692,65.626645441968,26.940283470669954,17.1039241112511,0
42.50817675141312,51.435602838372105,49.94115161313997,61.65536876737592,0
81.21229611870592,21.758073042313207,57.92771162664399,77.51001868973535,1
50.576231474274124,45.77266753215834,76.2008834763309,75.6048634535596,0
73.6573093115733,47.04901256167625,96.80083397137967,58.36815851150307,2
45.9709464453592,26.89443302047829,86.34479932038623,8.475814571489249,1
21.549514181270048,78.06764030238581,65.93665782069552,1.7288627185812477,1
74.52038427810108,38.926061212822916,62.52766073513284,78.21417573220727,1
13.115516918470993,63.00885615117546,64.28680237654036,54.93764341898627,0
19.85836635313081,56.41571628628908,59.06607783937964,78.27121027315079,0
62.68249827842086,88.96843712947499,15.34265922330312,16.278846147938886,1
74.72698001920698,20.981343867655436,72.84667551293845,40.74231707711435,1
89.4687886867815,20.283670742811413,74.47031201166426,91.91692870779731,1
27.25864974158917,37.02877022107142,56.12323260403247,17.159799124716567,0
11.072425860055436,48.809347131325154,88.33488448622887,6.152690381254433,1
95.6046659522629,36.868802387692554,70.51931224810107,65.34673837817483,2
15.442308802214244,78.68683741557194,42.639819207131524,59.45363406217563,1
19.76669822546395,32.07392587983697,11.772491823877083,95.20305058577333,1
29.132945355846573,17.629726849502028,15.324548184791206,90.64684210548758,1
52.93913540262874,47.24198288957328,41.66184354776077,74.9430390220571,0
88.2825566034078,79.60413593246356,51.58947926788146,1.9157237878252187,1
76.0546022729867,86.55057492280672,25.018400755758254,48.038696840656016,1
70.81575538426351,76.00103635270158,27.03954757803689,89.61019365370389,1
17.518056785600365,60.209801064976965,30.719022290140266,43.365108811447726,0
35.76826315259743,75.1772531574259,80.24620056186454,96.21457196129947,1
47.840492608667795,71.32505817734753,79.41590568565942,65.24879806439824,0
14.742595348558584,31.092996924555475,44.46450868724009,10.945712754279413,0
27.34297021266725,59.56830029828744,25.512794342595626,50.92720751866835,0
30.833320395284424,79.35483993745888,19.98175465571223,69.56171356451476,1
12.727619832903924,38.54085956876244,17.841638084245588,6.536897223962068,0
55.02396919082576,68.85758320452382,45.21513258094349,34.464953207076746,0
70.50281965241929,53.33323847669186,14.098818998900747,71.70810630539863,1
6.993163147686121,55.2842965850518,40.02715334137015,15.707136230703412,0
48.11231017631498,18.104953400394376,96.53799182870236,34.83398982705226,2
78.2211195267795,69.95954487748418,55.67541540490348,68.99103224672339,1
74.79901289524469,87.9118331819068,84.038019115167,77.55409018641139,1
81.50730962187541,22.72881592232765,21.633935130585918,51.85117938254206,1
44.824063317060705,42.94950959948044,34.127090416873436,95.68575277000096,1
82.05570826398608,14.380070935675151,95.18918000896079,92.53308587989964,2
24.07530712142695,12.6668697378752,44.519670724062124,47.34370539077851,0
36.08105614175153,99.06926470045694,68.356551560349,16.027441011132236,2
17.63555764178013,54.41243574757462,97.85141012463305,77.29315638839584,2
46.74845394285718,41.99671167717217,59.570898069766194,24.3139575393144,0
39.206002241544326,34.7389368962517,37.481135430586235,84.28213099991049,0
24.09271164143122,98.20113804504632,57.87536103568561,58.71443411550983,2
75.17807092307815,32.702570696951526,14.917347939777338,39.409300639774656,1
31.384677211164657,75.31375561639689,20.113288668342207,55.638335858254415,1
27.280433014583572,35.53822862253404,10.645399454704293,53.280876845792726,0
13.089033085049506,16.34405548212272,89.57890374085038,92.47328458999176,1
43.88217018019487,71.49489530661472,70.4152386009636,21.436304976156283,0
30.2964628837302,10.146776286687839,36.84967886194733,92.81584525516764,1
36.92728413409686,70.81736604045125,29.904527728657413,3.13410414598555,0
23.599726262055263,32.533893909084085,71.4768941042002,76.92032815330766,0
76.31554898199005,77.14938088643511,92.75788583067542,91.96681307115652,1
93.00033473547174,79.27751506155845,36.92251819468996,39.40521909865296,2
49.793185278888764,75.16965149357841,38.94031984481036,7.306718699526726,1
64.29984233408325,12.203509732084935,86.88166526743956,80.466753149371,1
86.7172276606706,73.33629576793916,90.40382342953771,84.28648556917351,1
99.88296373336586,99.11310526501869,92.26329101468006,33.62573879884535,2
61.351648472983214,31.83628316730606,36.38387872060253,51.85932856859061,0
88.97794665398688,34.681471500280466,20.8281310836714,80.94690680101495,1
90.8608246555642,83.21738946224855,49.59978147986879,19.204297725011955,2
79.14514878076223,24.435712455047252,36.61883786270629,62.897575639127,1
46.09313910731102,69.45253079540964,89.54800001306522,43.06306595158191,1
8.11540004238993,77.95237397505205,13.29714476231904,17.441575225426355,1
1.5805555440133845,13.344459563742145,67.0492422672645,83.14402072509596,0
47.72006332829246,59.83858848387035,91.55632291733025,32.46808321999267,1
49.43145335346178,61.82895326822946,97.90033301254594,93.44261156550162,2
40.73623878629723,37.309860765261476,68.51175393682388,56.8933869819802,0
56.816735129136454,88.87102024577655,95.49306613201419,51.450998138473835,2
55.216270330442704,24.647474736987075,16.809351636256054,42.330594421935906,0
83.6613041032693,42.77752385552745,42.33505113966158,40.06708898563054,1
10.86571032622624,86.38018184325963,10.784322759406033,81.7966274837104,1
22.517766610554546,27.157848094539325,98.30653949717366,67.7500849486126,2
79.30049789596303,83.92367226949075,91.24538308900293,77.36901311234224,1
84.78368672236546,17.116225963116015,12.524730062338122,42.10841596112086,1
99.48242136208678,54.0306160470991,11.631938541378938,26.143722470273545,2
87.29120163870842,16.779759620113307,43.02725446957295,8.686521852818196,1
88.9899007072331,71.01132265553628,33.26841701118116,77.66559899840448,1
31.434794262990483,81.15413401500402,86.2239049518252,41.52764305177041,1
40.166163400937634,86.48726934221226,24.443596294467607,50.9223592096683,1
26.808510482055105,98.31360256695899,81.15845164307716,46.934323519704535,2
60.62993981927156,70.4814150069628,59.90137299915969,43.11378563692402,0
93.88053542070384,79.21557224560183,43.9652594264489,68.38995770678497,2
34.464088651161774,55.518245048919646,23.114778556004087,60.87341157586086,0
55.700178188145024,92.14632110630136,99.79221753637039,97.20537986443055,2
29.629963045348507,67.93825439795162,65.6187508829383,13.890390764923167,0
16.97999737727075,89.51962656262091,49.54440093111948,57.35193132327168,1
19.518552981865568,31.190681531249275,43.40148008974585,6.324016340231397,0
5.794534453812994,54.706400264625785,91.51554075677697,80.79184187082,1
94.92935230092574,75.68370289574236,83.9072627371685,61.63113332510931,2
40.28796085076296,28.244957910641492,83.00672095314013,42.83788159925379,0
83.41208920021081,29.020581393578045,65.45786256661535,80.22356546439461,1
68.13294726896912,98.02384663650737,89.91609244262216,45.500260849157826,2
19.19211614110854,49.11493246634854,36.935053490986334,22.778609531344717,0
17.54622465790878,26.36339076313945,73.33355216469604,47.25007611103369,0
81.19882015105449,39.831749378335545,46.40029681527032,7.083179663733919,1
26.471171061953736,45.763853343933306,63.99989277037229,89.78611096393875,1
91.32851837019757,66.0776731723199,99.83377005514235,73.09583747344611,2
14.005540468949063,93.07131931429772,98.60723026077865,76.03157862150277,2
67.77086144544695,98.79310683298819,56.13571148207034,87.44933040184422,2
81.44738760309339,68.65288830200012,61.64771069483422,79.15725888150837,1
23.5256388415645,72.99301247179523,90.75895922235709,43.18525902534398,1
27.620736345656603,38.96462527269301,98.70721412624695,11.863640152544964,2
96.45188861392016,87.14427359038741,80.07470223634718,37.336477998095276,2
26.459760534615828,29.60185016982834,15.866601216276763,93.40847143797222,1
42.99570499000478,19.574258437987083,39.03757609094775,94.90904912313796,1
43.25155932423661,97.59303910878857,90.69061059282771,76.78708655237956,2
25.303474992968354,87.7724809138479,79.15172552654325,20.44305830713875,1
77.57910864370905,37.328062108432,76.80097639219845,19.444985846416063,1
77.18493432291552,70.76536447429443,70.1130907421327,87.97715108807203,1
37.83180142237856,52.03165216718796,47.37374646691451,14.191592301112477,0
83.51257910807337,39.08153855309238,46.291718831023154,58.413747733248925,1
21.307493439900238,35.80967896842654,82.80392388317209,37.82516822790678,0
0.43057756676786463,22.242470069881584,36.440226258856384,30.201100796117654,0
57.11673620557411,59.43862740482553,71.6348685430876,67.73820256769805,0
99.40777724523785,50.1937021105757,75.35876710815609,95.95690766519378,2
3.8644309826884604,56.09677782699499,86.01003904253758,77.76337382402986,1
20.799807370846057,29.382145073146404,38.789703163631415,48.6162593101554,0
51.89146424870842,94.4749603695923,76.77003401543818,44.07115082022164,2
80.99407364448706,67.47320766974875,19.58409078208182,90.76641883223868,1
8.904200507505323,90.96405916450031,22.425555605671427,57.8107098473754,2
39.52346537588943,19.83440494294799,47.56024361560614,49.66390230661952,0
74.70758006298863,66.05658692705573,14.970319871972254,68.2835869531423,1
37.15432084063616,86.4515636779745,95.29284893188046,23.71538171295264,2
18.883642047563896,39.782870183301995,91.17062294584245,6.373548757487968,1
19.54958273965873,27.562885222238776,14.404032597325884,85.5111440485344,1
41.00487869149943,33.85191752250577,85.4480549703051,60.72617006994568,1
47.941707480589116,34.56403540748191,55.79867566810228,16.487710122506883,0
86.1814417816014,50.247906843118166,73.17665995361949,29.804792650074717,1
64.22524185679936,39.33672425013984,89.82380523683686,98.99335125895308,1
69.04019545155015,34.41466654371922,61.927703836992876,63.44236324636553,0
98.2987171535907,68.36610685646241,20.46943902561665,63.611214096712246,2
41.18434403009738,14.772913450469602,10.232074943792762,7.216366320872202,0
40.33544032491283,40.6327400325757,54.722937902630186,96.89917342439318,1
92.33469677258122,72.07767693464274,95.4308918911924,89.27828895587207,2
24.587558700505863,25.826477435290535,61.53596844518763,54.778244226322045,0
72.98152463028667,29.883507599162115,43.56452242794063,30.938891645087352,1
75.45731382181347,28.059996287162573,12.782981537282202,69.80552283860916,1
9.778799744544308,10.083349605826443,92.34814755503803,83.33743944718691,1
46.8231405693584,52.63909766484154,39.4440994772238,78.61214098232536,0
20.056247132155402,13.506291047451086,73.42996611835865,97.70473720478789,1
18.537527280248568,34.56458305974101,72.48134819003184,63.68553986669425,0
46.38281104628762,99.53230821327745,32.849484523187314,32.12254315588653,2
28.942970750806495,92.65565902512698,15.73997558146528,49.792761306853365,2
79.60604476258709,29.35682273407008,44.65003408046592,81.63171679506165,1
90.76048913904825,37.900218872253944,38.541791245347994,26.53425872153774,2
80.27206052883656,51.733412404169634,73.02307589850932,23.14082549439914,1
26.603087262166525,85.99721919933191,83.78042460938552,72.48345803264708,1
27.413439368860836,82.2381347253782,30.02008756525072,44.44274265154108,1
25.472835011746742,21.361729290965396,57.54079627987981,81.65703951897227,0
13.503809605623607,21.200396351351692,13.65475126493455,14.368358615898892,0
94.37983681037112,47.50590285046402,29.28302406401157,33.56964631494067,2
40.204779815706935,88.30858506523948,78.55854447898747,26.80999065901012,1
22.468947454587372,89.3876499185952,81.40584884401652,69.78681480662735,1
84.66710505082435,19.662926471787717,79.8764017106623,75.93292133266495,1
39.919530265779045,61.68675591689964,22.81491324894431,45.60026958865563,0
3.511681110966658,24.01076774126016,59.59312547215756,47.802937639893564,0
16.19415702496312,71.75163790025044,48.04375729990446,13.203188278912947,0
63.925034035617,92.47899231360158,99.23376671155815,70.18280938130525,2
78.2905274171724,50.929236322803426,68.86628821525025,99.23176335992474,1
21.093438848871294,17.477449722284636,94.16818822561562,77.79218408318094,1
91.73955892661422,62.1328776305091,23.08152745075938,22.31123231876281,2
85.09971200521645,46.766500312226924,50.57859457902062,62.31227395942356,1
84.83807540610809,82.98088771005642,79.44468400952817,29.495681066425295,1
22.76611467992141,40.631001753374896,43.107195522736234,3.017655291628296,0
5.053598865005771,88.74074804253303,66.9257646538282,17.982285565583357,1
86.74235394825837,34.63303668713064,56.05319551362946,10.259357226384136,1
30.580022873856738,24.176587229981735,99.27364682961931,19.593255356819416,2
61.891638117352585,37.583233958672196,25.64852860589423,79.56044214490035,0
75.996688370073,13.142421264047186,94.1813825797115,29.283213403043174,1
12.829325851112017,35.31213701868172,46.14138584229671,75.70399509451119,0
78.08383545190479,69.41058704938277,52.1193669739565,94.88625548427709,1
93.85114589610659,22.805468070093312,57.574169532098104,57.42731150677747,2
72.83749657464091,20.022847550792918,33.88298944902219,48.54089420100546,1
44.12227484805581,21.914676212891536,96.72916983497137,75.01271755902637,2
87.66781387517028,16.979650683531972,92.03384847113105,9.709013989309002,1
52.745763007255896,88.71718706586456,97.56145901902264,42.821208748488516,2
74.47709278167541,94.97036039468753,99.72276149885707,49.88245949320606,2
82.0505943858604,14.190503655590765,70.28200856628749,83.10513103983777,1
74.93528616990059,78.40646033891862,50.65169462251702,81.42176602312993,1
28.785487604815398,76.3436572045478,86.56605113466743,84.82653598499812,1
11.784390090583107,99.72184821490363,12.14243900527047,69.78729278677018,2
23.833852936206014,41.308359554896136,85.0963640242153,53.05558071848376,1
50.28749369803533,35.69580925213746,54.7557421789906,82.78793213433822,0
50.52769222930959,50.77739087288445,70.5898024375076,87.32824152552696,1
58.264434931453756,87.09176594342715,43.664145520825684,48.04845926588137,1
39.51018375478908,75.5734278284109,43.17608384801343,98.56619078887717,1
78.68913814500277,52.44614325707525,12.854543752979895,87.48181249791787,1
91.31537503472077,32.01065589572859,48.1410487386112,51.046966542140794,2
24.672505347947126,75.4314167141534,46.751877587739706,6.928759534710638,1
73.6523217701888,86.90741812379765,30.231199168126416,22.44920508718963,1
67.79718525450447,45.995610796074175,32.25909461857907,77.63985793762849,0
52.3090499279315,70.17269012388857,62.57256223982605,11.115425699868474,0
18.853023387416023,46.019081905893835,38.59942982855527,46.980006631926315,0
79.52322585827095,53.06440943273363,84.72267181155608,60.48521921047275,1
96.06262856288326,57.24193419594223,20.02465961713598,87.83468283705153,2
72.18363322336134,79.81532326200501,61.988045191753926,84.71138628934798,1
91.7859996625734,97.97553857160379,24.40402544251921,76.42779210597328,2
98.41852649479998,49.99295463744091,57.54165642285929,40.7694242611199,2
35.20506742392382,40.80835056228453,59.72912982552868,14.224925434229707,0
63.822355292633695,43.623190582515214,67.80679178731563,66.96493095578478,0
47.3932737638078,22.050016243766347,48.468245254560436,18.128862248847266,0
98.66287468632301,36.724486403595044,55.8527216616329,56.13144834086158,2
9.380782400772492,17.78026719419256,26.285735447316398,98.06781824633444,1
41.23749142972246,48.51048368613225,51.671381476269666,55.03097758072746,0
87.55390445272361,25.0621542379944,43.57273501848615,64.55568672604474,1
28.405131052651544,41.17660713769678,69.95179941889688,67.75754719161739,0
78.77928506388727,81.42199744524457,49.133955114683744,83.0388357675505,1
38.27831627802557,32.13348855302225,80.14074858821982,43.498067810704875,0
97.99785398901582,65.0705159207862,48.33928887163229,49.75099010524977,2
88.35298364237076,91.10632773237515,31.21940556765628,17.597201392458995,2
30.132035766261534,61.02362683265922,34.63198470627262,61.46798877375021,0
77.01931135378551,27.44133514951714,14.075670258247293,29.57580063243892,1
33.68565438332687,41.028957456935885,58.592692954081905,50.76247488886996,0
60.63628402155351,63.13322864656595,84.77927955102896,76.65571935098978,0
65.8480768393292,55.59500257838682,79.22005361358131,1.7569904681986603,0
82.95954090857049,23.37578526492134,49.401051970462426,56.39155265843732,1
2.445084088201488,50.21167102215121,27.650831963006098,17.344501731068974,0
22.015789115229968,58.876002541922354,87.71359989677075,27.938333978385366,1
71.19178105885787,34.05994430118152,15.110293064056156,3.471328008699792,1
56.35232369695373,65.12009638058667,45.93004526822446,16.946276018590222,0
49.56050782011431,16.314408953668888,87.0953628145556,98.66293932871518,1
5.520995670798046,40.29463302089651,45.38590186637768,99.85227611993119,1
34.827588346145625,82.3849149499817,20.608792368126394,71.98479198896474,1
86.51002319106483,33.33563208173399,33.93545503112165,61.18568547711936,1
3.0892837036032184,64.46591650027705,64.00264975686535,77.7006953099265,0
39.64362353648121,46.902674233928074,23.683231692511377,89.65542721851617,1
94.51482876707726,38.48141281737221,68.94417941581202,51.93050595654082,2
5.088073454501463,92.45185191190242,49.43457380793212,3.5283999417701217,2
74.97057510446368,40.89355462723452,40.095055073846964,70.93958205800527,1
25.761261618203648,31.30083113383165,31.683293247084748,98.46025020724225,1
86.66088321536725,91.83711840762435,84.09969872710386,25.80529559719613,2
74.60679789593651,77.13499203422334,45.70065527170614,46.346556546109994,1
88.57051708583629,71.36197423283775,76.4631339045605,36.127440105128116,1
21.592479043126602,14.458144786018822,49.6319673373646,39.04674942298634,0
53.129275481860496,21.808446464419823,18.268046819810145,72.1399993875357,0
77.92699435748007,67.45059674286966,49.64553776505344,37.840438975605004,1
24.5699742994981,28.84895528736342,55.69190017621876,94.10841254587267,1
23.074630526721695,30.307418706732317,51.20579741440392,78.96584537635604,0
2.7182133497585026,80.12246638092496,83.46175405734454,2.764702508769512,1
95.85152939754524,35.733245395324836,91.97662141387264,81.85488820337248,2
71.00168800546234,16.442857193672438,80.81008076899306,77.28574224386587,1
63.556035401018484,13.2788752578875,62.450371198986375,51.649372838123355,0
74.39947226949909,49.8860188520759,58.73049644994016,49.681739674641356,1
53.16129186954394,65.54157199161814,68.01544271112931,83.55269034669533,0
47.613382109041034,88.19967100526226,35.90472667954371,42.478528916303496,1
44.95322411235209,19.972395552937535,83.06621615338166,15.946234329329844,0
64.04392121036413,27.700554365946665,87.11633598432948,31.289883284903265,1
20.15349753923832,57.6820549816724,34.04954468636475,26.520240335748934,0
88.80586950148697,42.76975260177775,91.25363873260699,68.10590296514502,1
81.17523712192651,53.42837061209452,86.38594515925007,17.887335004084527,1
34.95636114520339,93.17121840857939,48.20380907342592,64.4772436432807,2
57.860929681252436,59.04024884782185,91.8100181883471,46.596694726376185,1
14.10272999500146,47.360854955086836,20.83950944303573,83.96609294117819,0
97.2346247933598,99.04959160297703,12.518790328801032,48.499874321746795,2
90.28926876302835,15.869410290958267,41.30801430346489,92.98039345693829,2
92.18975064992004,93.89021035340548,60.88921289446105,90.04691278855877,2
33.21630477034516,55.14956578589347,41.62983530795796,18.528757910402284,0
16.913470738285575,55.33807039904243,94.78609603042236,68.61663523518835,1
21.177216346631035,92.97679007828883,32.92392061496305,21.46247491207752,2
9.000139104508985,55.659158163376254,35.309205423341105,82.33043062304577,0
12.011063010138434,49.45663814771339,67.13448512903696,63.57231545365691,0
7.130453418484539,34.523973290547914,10.347749410753739,29.411769428165112,0
98.98230692048735,69.29350901356787,75.48013471191393,24.912362838350642,2
7.405768336907359,61.26805818817854,43.97225347838415,42.957765504543,0
13.254208095141362,29.291089325300476,97.99730808789664,80.0722971461131,2
82.72545955907364,73.84716235551923,72.22758337267737,79.61616090394517,1
58.02402167429431,67.96781716029764,14.699345957410877,3.337622555493547,0
77.44172045693324,45.76004957858867,18.336502786777626,30.22872154709001,1
63.0912007772655,10.39608297131955,17.93512962317427,42.28509634697176,0
88.2175070328948,50.19230351585689,95.73600339027493,58.55820134442432,2
63.846752776474055,10.545230541722656,71.5646387095829,14.952700881469905,0
52.21250929031509,16.749864036913586,48.484540656004214,33.52830205289248,0
71.27496937612997,48.75489122327507,28.043442089202795,88.55970205679587,1
44.73927517921095,17.372789576679494,88.62757717922229,47.65475134136496,1
34.60638229047347,34.809889040844965,28.14003349042064,74.41432260434394,0
46.76524524502125,68.99422317030715,73.60112948282357,48.47785064963399,0
16.971410509856067,37.77538083484771,78.69919253908114,46.49825764004636,0
79.65717298026914,99.78837347093594,36.51904799698674,62.19255250835041,2
26.070378133594463,92.4671830523483,55.442326345357806,25.936451218961754,2
15.353154633704747,62.67789141269713,30.06903540865545,24.980209930624998,0
24.63522417832268,97.02524247714373,44.10366917099483,98.9353854891609,2
84.20701517722398,88.12155649892699,96.8620958452008,86.89920093192222,2
33.02012955977314,38.70086669564383,72.38242311889871,73.77548964496445,0
68.60498695059002,77.46366213867785,86.19527855714635,13.714453905553325,1
85.64096306557393,22.314860560355264,58.65396143200669,3.022471118476666,1
7.774466692504212,71.6096281940867,31.513576793622054,17.541250419709296,0
76.50244051780429,54.19736438451224,74.15918710004742,93.773096450752,1
30.766546637903,11.514334532754225,55.051116471150976,81.62897702489879,0
21.66223641840427,34.680684015133366,25.916398129635283,52.30760124885764,0
68.89014524529722,95.98439956638236,47.11869006563892,96.87805913683772,2
90.97966227332338,38.42483365796326,67.13561971146754,14.6582102902301,2
29.50192087123954,26.33090097712966,76.17986710140144,55.915044000603686,0
56.88338053843191,26.87783019149875,31.889871630131655,18.322212639870983,0
28.983411384949154,53.12919381777541,88.8397605414398,30.64286048043059,1
55.42855857264279,85.83843166034815,44.15959963672102,94.01350189632257,1
62.18620306543406,78.22015886200118,34.40230461034736,86.82785165486835,1
61.03353887901798,49.316680678399685,27.56080499083523,10.179878563058608,0
62.35463696427459,28.78541950932645,82.37542009626763,24.954380556093845,0
13.507979221752409,14.1458410091972,41.874811746945625,59.45074695820506,0
69.35404695867196,51.636728753445794,53.50591250991412,6.135278734082439,0
67.47503563802233,83.32978136663725,30.05378412074881,55.00846473514373,1
68.25881222168832,75.67137942348823,71.74819640520383,58.44914357940107,1
7.407055273870633,46.77406908645253,80.293006679718,29.09671813304595,0
44.683884241415264,63.52324047258403,40.548272405800745,29.31229801251234,0
40.903513204572974,49.262186885159586,95.05714468342619,22.90792687700708,2
8.671148364319913,62.111449881116,12.754954860421249,93.56763701960428,1
22.23679278968107,56.57547199541943,21.964879294663632,38.887114069907746,0
44.09626317980367,71.28699401126431,62.99083284044418,58.52690631138904,0
74.29063098580822,55.693795917981156,73.12661758435416,30.157457425351453,1
23.70620769846632,94.65498983508027,32.56146905581531,70.26640044149043,2
82.97499101249115,48.522536342351756,59.86639872022136,10.144127105864253,1
54.579828573946344,11.432467273573984,38.65476223385315,7.164154309466397,0
76.04216851846175,31.27361818680861,59.86803210594312,74.42837605818863,1
47.25559833368571,55.05461722959904,69.33949099878272,72.666795831535,0
49.919422542222335,58.65146666997958,97.55272482121516,26.500133614066222,2
61.97193893796402,59.71463103808481,51.012717401906535,35.50467127246883,0
92.79706081658242,74.30968884430739,68.33944362442425,95.72605013328223,2
49.181258141290996,34.71833283557751,62.02353231279387,10.433029499531433,0
52.8657538108291,69.84133111373295,38.57994044988156,18.314706654667102,0
60.19969635275295,73.36290458072915,32.77577185279483,43.00383649732332,0
73.75151372977258,47.01526773587437,98.90836495702513,28.209890605552513,2
7.185033548623432,46.19521892316898,28.61671255313638,64.90085486322072,0
51.56874385219721,26.103230709080478,81.12477403668132,69.06017229466845,0
48.15915892060435,47.25886386298364,23.192865191868492,52.63880838900952,0
92.16849842375704,80.81346625363112,82.39161424251257,61.119730140276985,2
49.35065804363411,91.80757049948956,26.715559869059323,43.34208320203449,2
46.8320534694331,63.425187218616884,97.04409796145502,76.03872537251661,2
96.2199988534702,36.943330901886895,71.73888909170657,4.209849784626973,2
45.05764636008816,71.40607467937582,18.1106419308246,31.289133665588086,0
18.088443032209035,76.61315878264035,72.38594075131098,68.4430041394894,1
21.69161228057883,39.89915009025961,64.32586865033966,32.964510787538245,0
9.518753833697414,84.3893075340592,40.379162202456264,7.8535280442949436,1
0.05681292589444498,16.632624892450607,33.46623979810432,34.50134284667753,0
43.19456610004819,10.967834584002297,74.6884703573337,71.14947717886633,0
76.92425812982215,21.067369536884733,76.72252356548792,12.198486525331775,1
73.3466442799836,24.040751304475876,39.44852640572829,72.46313642116546,1
3.2149087802850196,89.10361296529491,88.86043997555532,77.54557163575755,1
56.99829035940329,48.24835319991528,34.19444969996421,63.53007444226989,0
15.4283125413476,34.743852277334355,16.28779833773299,24.423404855814425,0
94.10762847646973,48.61676043881374,63.98810603448207,80.52953571950614,2
16.736499964417927,45.5356803430569,19.636351554845454,21.444250177846534,0
62.66392176974816,37.131550118921524,34.899765783983675,90.58209521713505,1
32.62383621640568,22.410962417076878,55.646775374359414,70.66456991420822,0
64.15613259643523,69.03239157764926,35.77236601215678,5.471992664705971,0
41.225859646407514,22.29439625016898,29.349670817803997,79.9287118661663,0
75.96430523063947,79.78820074054069,73.2866873415089,50.64335403599074,1
23.067912532785783,28.151921195240824,59.2299407262066,45.26488963130514,0
90.57918529142601,75.82341764199805,85.57851234252524,42.051119269848684,2
50.02096493133521,82.50274951259203,62.31156351899298,60.66300664409169,1
75.60931477128528,21.279340879700566,53.51024905964005,72.45785007829613,1
84.9730191401227,17.807119145920367,33.513071644970935,89.59766157245606,1
99.8828610954805,95.46154935882939,81.28592875821676,27.294481294722527,2
22.394566559395823,51.674212607732265,27.71839077079305,63.07762729104237,0
28.689241356345484,66.72119454756896,31.800556987584425,68.63426114681299,0
25.043308673188825,12.093439610959098,85.7429737077763,67.47971397868926,1
26.287133215978265,35.08391625007059,76.707327315629,49.30006477829699,0
58.244474153937745,55.48578891034476,65.15861400815685,39.102254820370106,0
99.3522523145843,89.75964820504636,13.502847770791607,76.23788170670916,2
99.02780870927545,34.429547580793866,21.453185645625382,30.000980404080135,2
52.67732313623077,79.76721878728476,54.99617141688487,20.80531623982431,1
63.90272102646738,69.59916354328317,77.17050311346019,54.582919376012384,0
85.9970543701606,20.374369102517047,51.769077777264094,26.761085766217697,1
93.29334584535052,36.40376555127969,11.556372197330479,3.3233162764539026,2
20.38606273295439,31.407763279475777,26.58429988001395,5.157574338230542,0
52.85417289424529,49.82748288159569,62.98900296581963,69.50105263868747,0
83.28370546615122,67.18008187428258,72.47953537191921,97.31458459920731,1
30.320207663459165,49.0077779957656,13.008548144071394,45.4688383626075,0
43.98090424804667,32.00829181766254,13.899857811445031,14.706112558473416,0
98.5621101512008,72.62908914054479,33.51791039107266,81.80832105293531,2
98.5046696720871,62.602398524034086,17.515152584790844,26.143589697371983,2
90.61068107651816,56.73825166741228,58.77516089740282,99.56264616038806,2
79.84483448280577,59.89776377013805,21.13317837610124,56.32641658270601,1
26.913050072280576,29.97105816644412,68.33974014112803,23.263254856010064,0
32.085007406718745,71.23879549832105,79.95027873768282,49.60047695243439,0
54.72828412048747,44.87504819848915,97.3464997376896,33.538127182964864,2
56.07773745620121,42.71210377570176,95.35662654739428,77.94719846269477,2
50.5502819357067,23.47607874400935,34.60286352117504,10.58158858080558,0
63.66702799163061,63.71536010954018,12.646864236085555,85.70027170325483,1
40.83230226329888,64.23979694918559,39.647099450059116,76.73368942641346,0
74.91741573155329,40.62705792998755,73.76321068413878,86.13638039014874,1
33.35499264783554,87.38650511789807,15.382108834528536,89.49937460416648,1
33.06769969463525,86.09121088438854,42.37413919042858,22.977782294308124,1
12.7225961891828,19.814887583418816,36.823109279221626,52.10058072286208,0
18.871221002891925,72.55345490289264,29.741107223707903,84.99222201663773,0
85.05208789213576,45.445128056652,73.55176792572837,37.73879721161115,1
44.628233858044155,99.97433659566035,69.31873045219368,6.040757679563247,2
22.786778655283378,30.252126671618715,58.1944684630909,29.163435653851653,0
75.93411000223874,35.24717848730405,91.96971757134378,24.192031147481085,1
55.39811258168594,49.789566510015476,19.282496745724522,87.00626186891046,1
2.1156011423293486,34.184363381259686,23.472030203031775,46.38463494091483,0
31.636145733671516,72.27940297478628,44.51047112974718,68.35442374463132,0
17.700141112134105,53.28173009633325,69.02938466766105,96.21191496915854,1
65.58728609828405,29.879095136458616,62.56713630208709,29.918785238520375,0
27.503104063025287,55.573666253790634,16.663841872113878,76.11995575273957,0
6.494677920994363,89.99089897285346,96.25823233718206,2.2764121518721425,2
5.493498919766926,81.31560821650476,37.45583348152523,10.411617531152817,1
58.17272979587149,54.89460319841389,42.30753524047845,16.18650900032781,0
2.1723455704089623,35.96433428277529,66.12668191390812,31.241833687250843,0
84.87921131360888,26.1897818232275,95.06489657137612,40.29872151293784,2
15.539711925727563,89.05445894682059,69.64194151929448,47.701589073225435,1
60.65663351954298,73.91502464488266,95.92959965929337,24.53313462833975,2
44.46880280107457,61.49469728327126,26.883200693843108,6.621531961013593,0
44.28515212319025,89.14911813583015,65.69289360756414,67.75230918402433,1
7.179714236004586,20.952125863668055,84.59910026886564,2.366135353426446,0
80.27522502122156,71.42403574018614,55.81220214293624,80.94706348587249,1
89.30524847532526,29.504108117190878,42.595630824640644,92.91548251512015,1
1.1016667384228462,20.851969691438832,98.62826770286895,71.03689136596344,2
17.86041756971177,51.904765900623985,22.688860635699445,59.59605172748319,0
90.39041887954788,44.86536367879183,46.9836574775791,65.70185293286328,2
54.94936128000582,94.70562483926669,88.60363773045941,65.22220466175943,2
15.003957824821013,39.15815920766347,91.04326718553288,93.17051360665005,1
20.279045260915886,83.34120331468021,98.23438914037968,96.43058711939673,2
65.99862442371142,77.39443004215103,89.63628330379433,42.671164190822175,1
72.4816822246873,70.11314830526825,14.586132284867128,61.70791761484181,1
59.94268085799352,92.83604256640535,93.67898496647395,80.28070537341722,2
95.31483799125257,46.71321349432079,48.53504722661067,0.10381571721375105,2
49.4063603661777,45.07040673845791,68.64572687109238,52.701591682771564,0
30.027191214252667,24.485268122335846,45.484828225040715,65.28763398176977,0
47.723290997579646,34.818586794556225,83.23012689521939,71.72054497375817,0
35.966629366661095,89.17988104547837,61.83273486904895,36.878940939628116,1
22.441589267468633,52.69439196202312,86.09901782986039,29.564442061159223,1
4.596324934014007,40.721798997163944,27.43943243686905,18.21425665679085,0
35.221249356512416,29.4500849573954,26.648478527941204,55.78155490526845,0
71.14093477097423,53.64642252192535,49.63391214263083,91.93034322521216,1
1.843780287519381,74.49988334180759,10.427639046623248,89.59781507240481,1
43.91785132059347,35.802282291136784,72.35676594066322,35.99659271576924,0
64.40094014498683,78.19448687313887,36.64483550272099,25.785513993820263,1
61.04041091743072,66.68089972524265,60.15694115930049,78.8793822670777,0
77.66484358887159,80.88063062857339,16.30032044147622,72.49800182441882,1
81.05197156597976,32.58186659874211,25.357992344442458,50.53398311374922,1
71.17058209193878,66.79253302597408,66.05732530197395,38.90302595388575,1
10.279769614474944,23.83617515399577,37.509636439993876,12.379790374517496,0
47.50224440043607,42.74172839481731,29.324974832707035,78.51385890922366,0
60.34059574876086,75.19240853585211,30.59618507269911,61.74644435816974,1
24.55660388094516,66.85015470219423,29.333742825294593,37.68816797380167,0
4.255181764677651,26.907465280376975,66.05658544874933,91.87879760667995,1
22.359032087604692,87.25084048832763,25.092209302251142,65.96727064118622,1
45.48944017326389,14.80158841106637,42.64357232619013,92.92388668437462,1
41.393031905460084,63.56941196649846,71.9098179034107,47.44124603396439,0
17.666698132716164,98.54384502084457,56.230395161288556,45.46178240639299,2
82.44155426834928,57.83542586584738,63.75527836979355,93.72392903140796,1
92.56866687367246,82.06046379634786,32.58162815173736,95.97914282435333,2
20.134831905271522,63.56628758701919,93.9443385848685,96.07673188788863,1
92.95729155672217,80.47794834306933,47.249132348470205,81.88973939074428,2
1.7860959175180824,69.00347218197585,35.826754295110106,46.24061448243386,0
92.49624727069454,72.20188130837758,91.3893565652625,21.02992942690588,2
95.19287900809078,30.503003597774565,68.97606537379482,38.344088127782825,2
1.2051863015925202,76.7638822215626,65.25512768246054,93.82974915177886,1
76.3019296776748,31.41188979978977,89.80611869495513,36.35542950802999,1
97.02015725698433,98.25762476283293,15.268625764424597,75.67174268235375,2
90.59022188177784,30.500847186508423,85.39115608068222,92.3004351091108,2
97.0710161196213,31.301560323789065,71.00779278745908,97.03921628814297,2
55.032350569763935,87.28058084354777,42.39935153021164,94.7674146875356,1
7.815613988538828,31.868727576653722,33.071620827147,55.50575977222759,0
84.97891978050362,42.481251414215464,19.432530989340187,49.18800746508703,1
61.382825580901155,74.31761450611242,94.69667532220211,98.76405087679862,1
61.47367441882891,24.28737221752869,22.772089299658255,21.81792045803068,0
41.72536098586862,24.316457934475203,33.34946821577958,18.75302616847626,0
57.18419765211091,53.7722580939957,72.19964616125229,96.31822977458351,1
15.357977908611453,31.932707880945415,73.91371940973933,68.91948218241696,0
73.97700265661503,31.209216001213022,24.469183414233456,53.63040097981578,1
7.501730735154233,10.831502927666142,83.27180446890648,13.20497928413057,0
72.9780767043792,43.34046320781532,55.92585422587262,51.324024901632924,1
84.8978422624854,38.64254991565629,86.3611010303598,94.4221153521555,1
47.24686775644882,12.804022974400336,17.855685086279006,60.28913233486717,0
50.98303660570493,65.91098603922973,13.854699918432072,40.46286224395348,0
31.221427292207828,66.39896638030186,67.32913433449147,55.110300146512834,0
96.94585837255876,16.3720424596293,23.502141739883516,88.61450870177845,2
73.31244745595453,38.53374066185077,57.245414115996994,91.28486611353276,1
36.89885533003449,88.5524978795858,11.269788335605785,40.00881656528953,1
17.480738623300507,62.39503614201206,80.19363344933802,60.806100243432205,0
21.957959220209133,47.07772516107891,90.95771531606515,27.920261268283074,1
46.392228611005,51.859173561768635,85.49944857678592,45.10852961584765,1
94.25684003143378,28.745199499222462,96.25175318353764,21.98826367831429,2
73.41463457609181,83.06933506371352,91.27861791929107,53.14722618655752,1
21.524374817914982,92.26042349058709,49.96162164613287,57.8240134964662,2
85.9561133418898,91.95976380250393,45.8513387599282,33.78367361307731,2
37.82005230096811,30.15409525230697,90.65653011743888,27.211830063864817,1
85.17221827525186,37.96662409988112,93.42449158215044,15.102560663145193,1
24.169959798113094,24.45604973285831,97.55523534862333,13.954366620615977,2
61.86606119363176,37.648102026908184,79.14855113585044,71.14611157141177,0
92.6670488081282,39.95248349103403,28.17899469472423,22.163800357270336,2
25.789400914779414,66.9795163358172,95.04587224996502,11.79770211065605,2
69.2926590585855,27.068174339331218,95.24273201345976,99.88716897642888,2
98.73126199571438,92.74572319309692,69.95182275216743,25.9916501889057,2
15.05982872430035,19.278952307677898,87.15522397145362,89.60483154281322,1
8.84022907006744,10.619020993089975,60.50587790475571,60.91859537519174,0
67.41951924448162,86.94506157674799,94.97142508705504,71.5070166806815,1
33.973594774903034,73.33928269894447,18.454275693288206,56.09189114996354,0
7.124447736659112,41.98238833203986,87.75673268362937,18.081119505996888,1
47.530561788360416,63.594973531910625,14.995326613342542,84.70515714526026,0
75.37706796439558,30.118969075531005,40.51963469962185,82.79727664867842,1
28.512240041518876,25.15506837808384,22.17930783537357,34.968546535026746,0
33.504687750513476,52.40342216248505,53.1221583216621,76.38506964114639,0
84.5699400646972,41.78690467488647,30.902154219322295,54.30402583444278,1
52.007191226148805,65.37070454817629,95.68651414005974,90.90491405600648,2
84.2731968806472,29.633426610492833,60.338920028806854,80.28243713039679,1
44.638949214370946,69.66349305045568,90.79576626733524,4.099576980203079,1
95.29751615601035,79.01753682725318,35.025262214603586,87.92759721912583,2
65.07945897177368,24.997252872562697,12.337980395190474,96.85664179784898,1
11.589886531924943,13.947245507612438,79.80895033155295,74.21562026251037,0
88.50929882268007,49.562863777120484,73.21398939747746,11.991353084706802,1
48.926519083079775,79.66216773931934,59.09424811067743,80.73758898371202,1
14.163896797290498,68.57018520167284,83.38084567562913,64.7489042623586,0
15.269013384142072,73.16935483731322,85.60759353833193,33.88263175219802,1
68.75339351098718,46.255540599403155,62.91129772163564,88.40305511926667,1
4.737250672948978,31.14509907277629,96.93350126685432,56.55666884531728,2
28.659376491381327,57.86009589561485,74.77407528555945,85.29279310194022,1
13.978759046986811,28.392912437427718,70.91878385463659,67.01137485842428,0
44.10774296172843,75.36058272865591,42.52796133027808,28.85161037049282,1
41.43537719943613,27.72698103635293,10.20327207400069,97.50186958610365,1
52.18764346888559,36.21369400429073,31.68484065047602,57.10055479395585,0
27.963632910253022,55.58903004907048,78.7528456133167,51.675524182645894,0
3.2043589378177195,53.803894072914545,73.88841289934567,40.350962825325496,0
61.43861065351858,64.07644387663265,39.791993034708476,13.634420307768735,0
37.371800288235136,49.37001404499252,66.30246770845949,68.62128800361617,0
65.13349987400464,92.75259776590822,27.575873152582346,43.0799198005814,2
10.866697080426846,85.59406847774694,33.726494734213965,93.4612510355642,1
1.377735529405033,89.12021061129745,95.2667284512247,96.50971686188983,2
24.829424788529273,66.65649142630937,47.18625156420351,76.7640855349951,0
45.65473229940522,67.15071242747257,32.04888348689691,24.249476370253518,0
39.40719741684673,64.82788153443538,53.83974221550923,71.59796808039664,0
81.03025552734664,49.13957389793106,44.831429180862955,2.0421750965055496,1
37.78376441928239,38.98954009605363,75.65761336141951,82.64005028083928,0
53.044117960307894,63.280259870398325,96.5904495841793,49.36185670905291,2
59.35155924421922,12.297865342460527,63.25636820119227,93.67396498851865,1
2.1831391645811604,10.671078828142273,63.203246824322356,37.776004132596505,0
51.5133376846189,86.64776436670736,42.835047285113475,26.31736044838443,1
34.483125939883784,14.178164029985997,60.81678387777658,99.50563387560393,1
42.12801276832546,57.23156353000763,38.73959797484244,53.067787151207526,0
10.028739849525026,65.34889866546806,10.098286688110774,86.31825424104382,1
78.28205656486452,27.835410666019204,87.94865555906365,91.10571640210087,1
94.24042508085225,90.61577544386336,48.64996769695347,51.84687127814234,2
2.2268820629600006,27.10861945735375,54.2879636548597,45.57139255191876,0
60.13727628113479,89.60634886300072,17.51508238833354,55.28859547723501,1
76.38440672883581,78.66912423997316,85.33994620648528,84.7739502881414,1
28.480758864988942,31.666865817177456,25.330336333983134,96.46602316007996,1
78.75555848632168,23.56697496484842,46.955904290588435,32.83221093697162,1
63.235505076630126,38.46094391676116,85.62389923574932,73.86303821198467,1
92.916263227107,45.81555096432472,51.20046461921675,28.537447728995947,2
98.10048113537728,32.120620884903104,93.80371019198174,61.09530413315054,2
4.234611399870481,99.90023938789808,28.83828730786207,80.47895882182705,2
44.49377610270062,30.668710261562293,74.37095469592941,88.64863246612933,1
54.69877875782182,84.75713442845712,98.01986712055547,44.87161842792467,2
14.674323320765248,24.32059723814255,59.46522734982798,36.975568256589156,0
33.62858304273617,98.22201627483527,72.29655087795936,25.345161201088786,2
98.76474477564618,30.297111245477637,45.39039936409076,13.341717041818757,2
1.6230456342471444,47.951969930523305,77.6203605752922,36.49175686436741,0
45.250793152438405,60.27076600911158,91.79866508713562,87.19778047478472,1
84.26546217181962,20.825714364048398,73.27500103454763,41.88095162106382,1
32.39012627192884,83.51380607311911,94.23358402428813,31.7293165811222,1
47.97985027551533,34.721697941274684,62.97873867930787,73.91322445864148,0
97.804574578798,59.43429114414974,61.94236964058666,21.558447162593875,2
47.48768364757039,59.46704296239222,37.41646492982398,25.628680248768244,0
13.092131214649905,64.23765870932064,73.86647420474073,93.59086483383024,1
5.172149166639106,14.993738787188322,89.37572695805399,8.158969261721671,1
94.54165724399485,25.17568856484111,68.16846035160381,41.46311802434233,2
26.58094132750657,24.50730186310278,30.973529853872467,57.67511923948043,0
50.40639065645509,37.18461334742667,58.96982032495179,23.026071561460558,0
9.07017660899686,23.042274117250585,78.03436752562735,28.10124842347197,0
42.365512055060506,92.97291886968607,94.54269833854775,22.184536474866444,2
93.01055192501241,56.16590054601706,24.093644456849855,34.51855720606416,2
50.24129936309384,66.1217632932416,21.474738186990454,89.85057550784484,1
97.1135151802328,42.17393578583088,47.16491772096154,43.158734657166505,2
25.883563723739968,34.86215269305204,21.305005251634977,41.78290165234317,0
50.454523970393716,55.28594532089917,98.23860212546066,38.65808801743893,2
85.95307918093252,36.48906773513502,48.18739305543033,96.41157269375744,1
44.82523545537438,40.928133315678785,58.024946716111444,11.729943621981565,0
27.94873735701896,50.747578684377146,30.437900316349417,87.18754209393664,1
85.54753634178816,55.516031846592,50.421351118323635,32.716106772797545,1
38.9889468872609,98.58826106036548,98.62245413750978,95.65115917053534,2
53.07232910602341,30.099032934574645,53.98184362302725,31.522724624365882,0
97.65270664151457,53.91785483943824,10.794153322403758,8.287436325632047,2
18.64832947558639,23.456056554040504,31.82747772255675,52.004188435251585,0
30.14006367201857,41.49993094371754,98.06093474306537,22.786557930991037,2
3.106960006983994,74.55796468357639,99.01607620696592,75.29898154733759,2
39.183770991005275,25.70159293845171,28.94437807945351,65.73056183279544,0
20.018343058485954,62.32161767950389,65.3737679059468,68.64691579223768,0
68.00349354078914,47.503092121120645,16.9217497454873,19.348948861063665,0
18.132145876585238,14.642158996402568,61.96974782001662,70.86302648851405,0
67.48127524058697,93.97677173306,21.33286313377937,31.13310269803373,2
26.347542818931768,47.22428262635977,83.67953712783921,99.8674028060071,1
35.52178341211998,80.55338821760496,94.561748884202,73.17676630740063,1
34.88606520463975,47.46821398586203,25.568812724453437,59.04115074085128,0
71.67517501636094,94.36242894209062,51.64409517353416,86.7117779215548,2
46.650926313834304,36.14233009860077,19.183869862717074,58.93116997194271,0
36.129889885268305,47.10075847189272,40.522600636567745,55.274986677553336,0
85.26227190394499,78.29778162333577,15.858797928447384,23.731560280537956,1
57.19506256412027,40.93005837527713,33.80918752156843,67.8111995325425,0
21.38308212779978,42.792136420166145,99.12013003803713,37.46444282494614,2
90.00912781436826,99.5340856072801,14.014294058926167,4.308262781213035,2
34.26502960336406,60.00530731213168,87.30714966568036,81.60617963699576,1
3.897937753732039,72.04424083031333,16.970731997869436,5.187316664874187,0
49.46002239744529,67.91160107382488,57.60972380056241,67.23001228405259,0
12.39380544408778,84.5131732440915,50.69078131846111,15.67208914849152,1
23.846644371574254,87.56425894975688,93.83991940185804,43.25695165708638,1
74.71108726874111,60.69305192232786,27.914487605658064,85.90916585467207,1
13.075181337631857,36.510046746975945,26.171381384167162,9.441954911414662,0
80.69442243540357,12.052022281747252,77.3842679711049,66.71506785526209,1
93.69072881309538,65.29629259578881,75.31475257903185,61.26187424860853,2
60.65321004079447,84.29219499390577,72.92635934435188,86.75297463562927,1
71.03591920228293,50.548582496049356,12.351440455514265,17.27348713240667,1
71.35866099074174,24.823552644177788,33.39637180524178,79.97875046358048,1
99.28079572704449,35.92738656420768,85.59056600688695,45.01211967413282,2
34.15382622016229,55.89900365606781,64.07723093110954,42.864391249324555,0
16.28565512427025,85.30130970798999,64.19754286589634,36.178435083987495,1
51.91672349143215,25.45778314615786,36.63249448643305,38.55741461959179,0
53.324980983170825,65.09348881385628,33.41557797012531,51.99596264252251,0
17.791248829614446,77.80317525554909,95.18993992164292,10.67998229234658,2
61.31094189941395,94.24427683013408,75.4979750967891,42.50658698729579,2
1.412473347682397,20.503332251097348,21.417950602165376,65.19812150595229,0
92.76684024542216,93.37524707481016,94.39362479293874,49.81923534383146,2
26.457427782126164,64.13207816570315,62.41331366362493,16.58294688496228,0
3.956020839019181,79.00314286890574,40.00261302613793,36.305170179163206,1
10.824944147485704,14.839723861169992,45.742550175963856,44.29616744259298,0
24.02489482796417,55.55333400765356,75.28640593173564,66.88748146329682,0
27.39061686060452,66.03667066727144,43.86453865174752,90.07663225374978,1
3.280999949772867,37.61504558855562,62.087031920674626,55.037551258781846,0
27.935481219372914,48.84851872911274,73.94495469835644,67.63681281173642,0
19.294173649348213,59.886832175163825,27.583749757536808,7.718962543940444,0
37.86209274345186,59.72931457956819,94.98173376182945,95.44670293475932,1
38.51677373559692,13.767537286615426,42.05554942918688,31.52086903555229,0
33.90077406028791,49.553358992100314,47.743728136922286,35.42917496879214,0
32.7923883530704,29.243633931300778,72.86629310810386,22.284278064151263,0
8.973127774125123,92.50255702768148,64.79065804489878,8.467007176554919,2
2.520494712616217,97.89219911110007,49.61078532452613,79.00467901418511,2
20.21143001564666,36.96822067168622,68.47678362707123,24.04900817061728,0
75.66494274166153,25.766685752595286,91.25454768148401,28.26877353453131,1
99.08097655511222,29.755373585350878,82.02552549808767,18.17962766062726,2
92.85261750573291,52.99770298176583,84.18331089592962,97.48852802988802,2
50.42193555377686,88.70550392018606,33.256756771058164,78.10347972792044,1
53.182385577793426,55.003259344387565,47.746301436787384,92.98996499807005,1
31.458156903584257,14.985285554376787,59.84372274886533,86.17233670535104,1
77.39394386376563,13.589704244182961,13.977173724533465,90.62967995452617,1
76.47566879326486,30.46518510605637,79.28129623395921,47.9034051849193,1
84.42723575824445,85.8494149848486,39.111708197358,17.05414373571005,1
89.55045771968844,65.93325017816295,35.433647023691286,32.688033435754434,1
43.434924822529574,60.666206840766236,33.33628084205317,29.245151698170357,0
76.68755681071976,38.70726333243779,35.50413388780579,71.71338376013564,1
80.63987287958786,93.64828645415686,40.421334894204904,2.567268630734243,2
30.845962249775017,39.80604204659192,64.43421022685433,14.204221491797709,0
92.924224400615,85.1449971387652,62.520878971005686,68.28851202548609,2
9.434150263965545,90.63131661782957,33.01405782416879,12.344235380044143,2
99.42691791632828,53.5001511894523,28.578184891588673,4.829185077040021,2
77.00907181588694,90.48603425326684,84.37223710642212,10.921516461119085,2
9.327090532432724,34.91229586519424,18.345100390872986,69.06741530430963,0
65.62296481050006,69.25900835649483,56.154055708083476,13.932525940470008,0
3.4179410928260157,17.916737367194763,56.85047867703485,14.630436113648138,0
77.01869494441829,52.65407926831545,61.672312613045946,23.03001967590993,1
79.92229216590553,29.559862194251313,89.70851043164221,75.09107041965225,1
60.24102530914477,15.64869501375426,66.15225460852909,20.0352912260776,0
85.68603919165704,10.335295726985866,97.6270389623221,3.5375396724207198,2
9.78832802148597,39.22769047967275,88.42177750138548,90.58633555759405,1
27.59238420408132,63.05775350830865,29.326623353849037,87.63184242909227,1
41.41775215926705,50.970731288604156,31.706497920277105,18.48190008964724,0
4.245795282809828,37.15923686675465,41.02967223236536,26.534258977345495,0
44.821608757116614,99.2080027698626,45.23629735721182,18.855757144364095,2
26.521345611256596,94.557253598171,59.769560827692594,71.95345389617299,2
39.2735012101753,21.30879761537472,30.926136960670494,25.000888418923207,0
42.51026319923065,47.35966840016453,30.01106630023891,93.14497573785022,1
87.94117334876852,68.39622405942498,44.325096163127164,82.76410243835689,1
27.034097052763904,76.0141717776943,70.48208018914768,58.84011275696732,1
89.37431287162721,42.97349394185414,71.93130517865696,0.8938224713713194,1
42.59709648128492,77.16536314618129,97.85050660362606,88.36694064166667,2
32.7807720693986,21.173501161961045,28.217389052963263,72.77616465325542,0
50.2512049335146,39.863136273193426,45.35732366712826,78.79073965410063,0
41.77432863628396,74.47898581803145,96.82097481451544,7.182520457199104,2
25.73723130551461,66.31145112343376,72.10078683989968,70.85601702185423,0
50.26793247960669,85.34891933754895,63.305067233981724,80.45894736241436,1
15.180173307883127,14.217132040043957,58.568144626121224,95.66353561570547,1
35.19299430229661,25.695254604074368,16.79593421226309,58.04704727824356,0
56.57902193740906,14.364512404476981,90.40364279343193,50.804185199927154,1
41.340824438985855,27.29028018242902,66.29546938735969,42.53967899819118,0
82.39123610507964,10.385452956964151,61.450066713523064,70.12876809646438,1
25.672176153516624,55.37892715109796,58.55503089896583,92.08213047146138,1
96.977157883101,57.54829560114299,45.272278658900056,59.97550487160357,2
78.47220208513514,69.21026032653953,32.91982222248035,22.72836415083398,1
96.75930259974722,44.64212024809391,77.97897868010358,1.7573950309176745,2
83.81365548303042,10.28869216166656,55.86107659854959,61.91131182675276,1
14.210392585164266,70.65020389668734,13.054557906029828,86.45978880190526,1
52.646009063501374,14.886197897312133,45.91850497949469,6.597527757340938,0
16.99785211957857,87.95533877359695,93.57432744005493,39.75712089613459,1
81.82273526272573,12.038858893714362,43.65051053867766,94.00469260809028,1
58.41621491832959,57.742761093096924,47.19097071330163,50.16769958568052,0
26.344931435690576,90.54260941469687,66.15650107495321,22.065822978859305,2
92.95989720071714,61.52406182099021,82.15073234342941,35.36564117688484,2
11.518605331426068,64.7575071889537,70.1615005934241,40.81395661948063,0
56.3862403471314,71.34497635036652,86.50492580106518,11.728951441679214,1
72.10405546667255,21.016796295742033,20.257352833662846,66.07922438484111,1
5.884853733243178,70.74343907295037,93.2133297986784,59.216432909247644,1
59.78560332062036,89.23193938115337,91.35297391702474,64.77228778655774,1
81.59012154630942,97.67987495517848,56.723372792702904,61.07915686801879,2
6.752731441805338,49.874679942251234,66.2268014008481,1.667206828833967,0
51.22429711066271,41.00543665097922,29.153174518126157,17.446284956631963,0
25.855717814874,77.79786540366854,50.315269418325,16.557200194586052,1
66.29244515369209,58.85868592857831,28.24330248278311,9.795148629798945,0
11.867736707884491,33.15741890095274,11.977901104691757,73.54757731982764,0
93.70514306705068,25.494209647273266,98.28127613143472,12.013721447849168,2
89.47285817147318,25.320727053346932,33.32318641391846,66.81940734503442,1
18.597441987570917,51.325933294553685,63.37974780080518,17.83903096536754,0
32.32658843651046,25.31119650540851,37.022534518407674,11.831017824792633,0
58.763497465304305,11.77470496103372,43.35594581893914,16.253004861607934,0
71.80623366342505,14.6879897472721,45.79854027240473,50.840345653802,1
44.26560151602582,93.68960895576691,40.154205819228196,64.54825098577557,2
15.629132196097506,16.56652070441222,67.36597834059421,81.19248600576367,0
10.415149380287158,16.58626215228636,96.48426434397454,12.85622054646306,2
99.97653369143438,50.60696009801792,48.57711850056097,61.61867473858301,2
45.535212144348726,32.05902541015293,97.59940516488386,77.38395994112473,2
87.25317491484982,96.6424466955248,70.10175136103048,31.24051715078844,2
48.237600462911445,91.98872555480237,64.64225755189082,7.971557936743768,2
92.23576385460032,46.42689238041404,31.339346661903072,15.594596306651386,2
8.77593827715506,50.38583674746333,15.662863530944273,9.155864756045673,0
11.401919133455095,43.76022877680132,86.67412932626459,88.72119310226779,1
92.96321877242242,13.40795049788154,61.65829575498421,37.670166836023455,2
94.74930450447849,36.356215532923784,47.29724761823937,52.3348605135786,2
31.471744746536334,21.040612265078572,83.07705898796351,76.86881518043145,0
35.51648869938718,19.213329701361047,37.952234431958686,37.14984221207238,0
45.2450234834758,60.47754156427491,80.52555303680386,64.91026546276127,0
41.61616800672908,18.888837194220603,39.51674518652173,7.667985321843773,0
19.004521595959666,19.263819141573723,92.87930677637472,48.09056475686005,1
89.83753839393745,53.24623433374137,34.11701870111223,9.651896617030765,1
25.330760070564374,49.80541286103749,22.3798705817114,24.82841406802281,0
70.52724094776515,22.387130661913243,72.82870375144707,29.334082759546863,1
6.7155677734972885,10.40041223279767,24.65625277582937,71.75838038869466,0
3.8751331528429467,27.367699759105946,95.4426745260087,67.41041862892538,2
65.37304725769206,31.230302876383668,68.99996011499795,74.70800889310658,0
33.90158575732604,82.02235992479808,30.777459515607337,6.175504723733516,1
65.54593927200013,92.38945154744935,28.79370408568859,99.39142121730468,2
9.402120216883036,46.534995773917274,93.14875352083794,5.442002870976892,1
94.98513799158633,46.45240538508801,64.70721215649019,82.5747791439154,2
74.85144668930954,74.12331553838801,90.43624060051751,74.02689334805356,1
87.62672330257992,66.42298141342201,19.920268436124267,59.17617904918199,1
13.647055404451091,26.572616802406824,93.28529760212585,43.88571651449872,1
32.016096889286935,19.69202100662752,56.80443807946795,75.71323532701827,0
36.83441642063441,49.38507015895457,70.15797246982154,73.98578032688461,0
53.717264832681856,60.83455268464867,43.55879243871526,13.717833548980451,0
29.68684855074143,22.483684284292835,15.322628980524357,79.26324729608703,0
6.063074218940512,36.39461440676001,96.21751972076463,7.855699743496524,2
36.88783807374707,37.53486967875174,99.51384961976338,50.05461421285348,2
25.454931462728215,33.516838092174766,42.809216388439864,64.50818265671943,0
38.59212914632148,51.46851396626119,94.94811367767817,82.16888573752277,1
19.695954262002623,68.77572258877646,25.09536618654078,46.31102180930537,0
26.189637456473548,55.84508952543931,23.921600469271798,23.68580775651452,0
62.695234043226876,28.13109060226098,16.580065600825435,49.065961545660656,0
38.815383457806504,19.264514234265977,45.21424668257357,25.02081104371201,0
34.538339316949205,83.96834166088303,14.707202516343926,52.87253814561483,1
53.39056327223729,53.13742144460071,45.51914706516071,46.25081831065179,0
77.18605408439258,15.592526572048948,22.45513857847014,78.05044837503944,1
37.886795634795725,33.23093496846022,75.74750160156616,24.009011344252894,0
58.75194925558406,82.36304005457393,85.00263844027673,19.99851841903395,1
96.62026253681762,77.6553692296195,71.90338850166592,47.418533956695995,2
52.19801141180507,88.823496960764,28.04447371925403,5.050436519085066,1
90.97975765175444,64.18790434015229,79.01633736171601,22.934062843550585,2
79.36726242564269,48.06153409222495,32.45501773299475,35.37049141876919,1
5.871868165014971,48.39714977990056,78.35397372716747,48.76297125609103,0
42.90988714692568,27.460004004364936,61.06578174067518,26.943671122536404,0
69.8318407868588,68.57190653660936,43.004126466208874,56.06364947084064,0
98.67119124482,62.65618804835686,17.51431402144519,87.84146664451715,2
45.837629116151255,23.93779702859523,84.47585588263232,54.37274613576021,0
9.278545412673944,89.70966280408373,94.56876287184028,28.683952173643178,1
56.20091747128678,43.16213829795373,69.93260020005738,6.198097200231489,0
12.656379212396029,14.476488896896164,96.80874100240949,13.666630474832363,2
75.15195602793933,39.50928287018054,94.0700277138692,56.12173685471906,1
50.76769974617778,88.28710432404182,27.51475607233783,68.37088381043797,1
72.34313683772865,92.52609272756061,75.80911137383922,4.966794355407056,2
86.93618268785237,54.13585755336702,41.43743374939251,18.554982971348167,1
62.89480171627771,96.07059460660761,53.87656245090634,31.908127067657055,2
61.243932925318155,88.77176282907784,24.12688880339612,31.977310888050237,1
75.45702954396313,84.27076453893028,97.73014852518872,95.8407014177961,2
84.24550014526673,87.37390582139854,75.35236447687677,20.377059794242257,1
86.90537862770027,44.368787095194115,34.02174786678713,6.252034947910889,1
3.6430195682883304,78.08220466799892,43.43245211512301,35.30148293123191,1
55.61902967977893,61.960510276853434,48.023463414590594,13.444197102967948,0
21.626930979755144,74.7715601566276,77.27803517294562,12.658196513578911,0
86.03458907817834,26.000749682269717,93.3127540092626,40.74506611171284,1
64.83976852033612,75.82545205974478,38.92961196861145,30.639113924994867,1
42.022247903243816,96.18331907747546,52.52500794523776,9.172677615535951,2
18.81042281213513,37.239699014328664,63.38868155512311,60.43034294274493,0
33.90236259198265,98.75451915600644,45.400959316028406,50.16997660203501,2
70.37776945402246,44.0538413324834,55.37631910291167,7.709966895130538,1
20.43595452116388,27.97511473189296,19.51368661180918,86.27444740141443,1
9.358294533837274,20.105760682021454,25.090694894814945,28.471305821233273,0
88.8028758227551,80.646572195936,46.09911314981304,96.13807849471794,1
76.42103495801167,59.934286033891155,92.34451105934973,93.15386325563256,1
19.97949306581326,37.6418164295826,41.44222411701702,43.40966262187528,0
29.231154342999165,64.7605332814382,32.481352774451224,22.856694043833492,0
97.20701771308858,39.889106905690426,76.85759987643483,83.48527125302225,2
70.81844867591174,50.35219815956128,95.42171494689484,36.12858416224468,2
61.05220042138247,87.6397713177782,51.32112553571927,16.355069467129823,1
30.762848542413035,70.13498291732483,10.77444600104648,55.16077158189412,0
29.912514416652225,78.61616557342448,71.93343983280562,48.94024427012658,1
3.9523618690230466,62.51441963226186,47.35547214545304,85.00178788139564,1
72.84818669019315,99.22582439970589,70.62809829545937,72.92813798393321,2
4.317522505688453,31.72690596618034,34.99448642462832,87.61394868367537,1
0.4857337777279036,33.60620446469333,10.216732943526617,73.47029123873745,0
72.94950878609792,18.33030448644996,41.004659687104336,64.2174960647797,1
94.88737571491254,59.86175518636394,73.43131083516474,50.017715227701274,2
75.65030477273105,65.20233127675311,45.38019547082703,98.75532894964475,1
47.164019062437866,75.33654156089378,29.725672568790337,95.91648240001723,1
48.6045249560873,40.190133335433494,51.76061777206914,84.88529815357496,0
43.61364226491054,11.103112167852448,77.71136709685469,77.53192137855278,0
32.464366711033364,66.9006583379488,20.74897781130754,57.75595501185121,0
52.17142141858402,99.88259432683444,72.2576830281983,25.97533605262068,2
43.115095714111504,36.509441841099324,70.06096214235527,87.54390270879648,1
59.81678800407747,26.554100722211775,43.36640917165642,1.0816134878957717,0
89.81200805010945,35.35902620437179,97.3302572241545,22.74399667939332,2
99.50094173238104,48.28739272993425,90.52347695323164,40.37324450844698,2
7.874328988291712,32.58216360573082,38.45453327218628,58.6157155234072,0
38.46834726613414,41.22640228307769,12.798198405445877,56.087932036035596,0
18.070619576680947,67.43860647214264,37.7474326070569,17.58158263852847,0
35.21204739255337,41.05251881583533,28.424974828693895,10.479819981353177,0
28.7473018548423,45.64530503052892,59.25267226428335,22.232892758527967,0
17.45371316267883,13.602813651933754,92.68699790639391,34.87087888964836,1
76.40760534212905,92.61482514605828,88.33037590337693,1.405368792008621,2
49.62887428292358,46.619736392336826,37.524624009834405,69.24558205498558,0
91.92455822172258,39.532916443131484,48.57377802000733,24.772743573749146,2
3.259244324701449,17.783577662084603,13.28879791716098,35.14044365483624,0
6.697801313198992,67.07648938556653,58.97471568842345,33.49016905838995,0
40.32735829303441,87.74424552373794,15.703118204565598,51.18298008785218,1
8.027732040403713,13.703788004716028,94.47455496061897,85.9799722094611,1
26.27295964148335,23.074522062943196,88.0240451367045,14.93899535055412,1
98.60297430766236,23.17508459975866,29.27688637937527,34.072711323127,2
20.895960748461405,64.20473698130135,72.94318118758409,69.20288077317835,0
19.81177414120907,92.9107452446532,61.121834418999974,4.423141328043679,2
57.364066879570906,49.399153035895864,82.12219412645648,82.99786351622237,0
49.79982907931567,40.94258033744656,52.80868960763679,96.18251404974265,1
58.04382972028448,78.92566170370222,27.25947735992002,60.763720258199086,1
37.673527820854666,76.83121555800862,67.58590601105485,95.65083710307213,1
82.6762359894947,32.20805253494886,17.22522942963505,41.306182943174775,1
13.858055144246284,24.474372607709746,62.612919205157986,41.503173065513685,0
42.83926458414656,42.202902917382076,29.143432491801182,10.624890941343745,0
68.9761848444087,79.8043053003968,71.64427934112042,3.5446934999769697,1
86.82364402828998,72.55570509234805,84.52388455552978,24.45043181345339,1
36.95716063567577,69.92683357205847,19.85722563538652,47.81286571011477,0
56.77455990937528,84.64857041468835,46.02416969337331,50.7682390862889,1
6.913994500726151,34.941728110725435,76.0169428998397,21.75753817414333,0
17.031908811182895,40.57153529225591,24.733275536697263,61.280567466142756,0
6.913816246611448,13.810550554825838,60.98713030321418,18.12058748383879,0
72.7880891998522,88.18711982231801,70.46550836881508,32.621114026910014,1
28.805996872214067,62.41867614299603,41.931424651544404,19.570951518932745,0
72.37452901918377,36.831006269532395,84.87840467823409,69.66635999901375,1
6.639827904327456,16.2474878304429,55.95923665420424,51.657250822231184,0
86.25478004083254,75.10685528462137,66.4295355946459,73.61010990726155,1
83.55301981110917,77.3863767594155,22.67855170343008,5.7248169591649685,1
8.892874305028265,69.95607869035203,12.084415707940215,42.53620802351414,0
2.375650645718652,28.34028738520566,14.567371374248767,96.69585789814205,1
5.628881298199118,92.18944526577444,91.35281333783942,5.361951470636361,2
85.3630173146734,77.78422171187887,89.4378145823426,41.837868969596215,1
23.470348905189574,69.19806912255733,82.68322952456583,4.039821885562056,0
54.82733178581887,68.58495310796087,27.96508821113747,14.665332097079997,0
42.624420318005676,91.3921930082477,57.291278675455295,46.25264515730515,2
79.5525526228602,93.54764197874114,81.6505390493536,15.75133976840526,2
48.88983014706706,63.60736762092159,70.72022631301965,51.875542496384305,0
50.06608406612697,47.50024698662936,20.396907430834382,92.27316827700696,1
98.90919394999024,42.73605816034746,90.59870798311813,20.04075581974267,2
15.01295567492571,83.71709569726502,24.4614153500166,10.718650971219779,1
83.07039387459314,68.01448058509001,25.461612407200192,82.52765619829519,1
5.174974560388479,16.953942722828828,91.09077662536374,46.02698474137552,1
47.764876957297076,22.796741171352448,53.61552451850645,88.26110988441378,1
88.63348239330236,91.01673055943617,43.560264336082014,30.612329466538725,2
66.52139656041213,89.60483332940508,59.82910680682509,62.753200518708965,1
68.52146193661329,95.6649203827722,98.32575995489003,92.33135543016643,2
26.331728225648554,48.50658705954913,20.766740971693856,17.16957994479059,0
41.85747913614543,80.56548168766363,78.12539639128588,80.07285593054033,1
36.658106349905054,84.54025245828895,40.089327601971476,63.15167498451273,1
52.14432101579942,38.41272152543738,20.534434376286136,81.29467446270534,0
46.222793014366815,23.080394010442802,47.974001981764474,17.069334495310816,0
32.68983518769893,99.73237254752556,59.38775899527438,43.40864703370123,2
30.548061237117007,12.71972833762149,28.536547395533223,12.883722847695267,0
25.085289165512215,63.760232684029866,46.47425131869422,96.00821079853647,1
36.50472468847584,68.5191046763538,67.21084229250614,6.269172296013448,0
14.994147793406064,71.36104077726836,61.88032177482,6.548339799438829,0
87.21043020035738,33.006496957218076,75.08445346493654,89.81561921817023,1
60.211939183342736,74.94213198689657,85.27640796436611,30.0762148137675,1
13.378642559385545,29.475960695313898,46.822629859243634,59.70200328471501,0
69.38593342090013,84.61344301765142,48.06705479160047,28.747552890730677,1
84.76664679979731,29.72050066761711,54.70229210096378,64.87583756275316,1
23.753567205225888,72.70354261684697,60.97180405431732,19.24693692700272,0
15.06005943372639,80.50721372505782,19.74904068141025,45.88694580514693,1
0.8617257133752054,27.005117541596988,38.13718187752967,53.34921747803945,0
4.725033885648511,31.41878388693425,25.470261583932185,33.364289028713,0
76.22513483035117,80.11933648609302,44.72674861097184,25.170061126895206,1
98.71863320416938,17.739907447145757,97.60186653166329,14.020666767121682,2
4.48803224762766,27.168485721999772,62.44578610128818,70.61443363079198,0
74.80709590798926,50.99778155709237,48.64433679284917,16.828271599442324,1
7.186216584096005,93.71637358702935,60.93432057013379,29.212639118814465,2
59.21328249036668,60.56900514037094,70.21688998844613,33.69087646165174,0
75.60752824282379,44.8910063387403,49.145811696136086,45.43667969796701,1
35.920439726773765,98.0533200000229,50.29388238275985,70.25686995500669,2
1.0934721110663737,51.73401755991597,73.12610164435378,42.79451346537054,0
59.51893521254259,49.03614763187338,15.477632488513112,87.10936214354834,1
99.12446281400278,47.047988519895114,58.607251145950976,67.97856466201844,2
25.761742283849575,38.09620653461167,59.25950309959313,83.848671613018,0
18.94912771872158,39.31253287638259,78.10770350155428,71.63539613309406,0
12.392589275351495,71.90533539365482,98.43802771029922,14.863179983709962,2
55.52556199000561,13.675203760769303,81.61793081081272,97.79273018640902,1
59.64450993602733,71.3635053081687,55.34097513854212,78.65862657683655,0
79.22708371704023,28.108404831328553,25.25078616464607,57.27217686340125,1
75.30732736205097,44.57872028840436,62.94348744698535,16.523094073812615,1
89.25414947950871,23.18850753042988,85.08689980414174,17.268064857897446,1
80.57726983423014,59.74759396652228,93.91726572807993,61.43311748601417,1
24.726708307944445,75.64154004569257,84.27793415446905,41.619713300201134,1
55.58774048757611,41.91900184507282,27.007174572630717,67.58595005151457,0
29.741195909357998,24.707491978623665,74.13182779143983,37.242772489970264,0
32.978537955150244,30.3855023738058,89.2139452737259,51.28451714565949,1
93.19443692299963,83.63016266730153,71.29152699642776,18.795803796396203,2
68.18959050670735,34.088386155386715,71.71768368353936,15.520114429382659,0
97.45904132511059,79.72323337101044,55.014605762597085,7.564476369849061,2
41.69125367187445,39.80794661255899,67.32785999129545,81.96393048985523,0
53.74375733539766,26.98592989086663,36.494264730071905,55.53862515796612,0
48.71154199164217,75.4577703664688,17.992907810717067,94.71410399066623,1
10.728705752372692,52.169052652768606,84.49434142708604,74.94862813593281,0
23.670199452660334,12.814952614732576,94.88298766523641,76.8763160249494,1
52.76363606044821,96.39481774099588,87.11401018392498,50.90584341970155,2
6.737430513300624,23.297810056489666,40.05221984027227,81.54539365256507,0
93.14619293088893,41.80662788077822,18.417713617713545,94.20634453138167,2
12.384368194337082,44.63151714961366,35.21245488682659,72.17402523354377,0
19.79807464169071,54.0486909332572,85.85518382289101,10.558894088700132,1
76.53212239386366,80.68996201007536,69.02330568698945,65.10198592535062,1
9.693454178931372,10.54812517076141,97.00248196926434,12.043321224109194,2
90.02780996154094,93.92248462024672,40.841291659339305,7.722242241866784,2
72.57009707225356,68.13905141827101,59.63249082624782,69.2900405115938,1
6.86208571088589,95.5583991234042,81.1034399474405,83.47854319240385,2
69.18470612856528,83.56505836748372,31.05927484586311,15.88414907293666,1
63.16285421713178,93.50543962748952,96.76809771936992,7.414860796604472,2
75.73494327399186,64.09004958421102,63.315790524263335,88.6522894192044,1
82.81978524893358,42.15780845894574,10.710780698768787,13.22093369908689,1
71.8350563173155,49.86226568022433,12.263794806521116,3.508609374373717,1
58.61762952709719,69.22290793457016,89.39944147614356,72.1054368766489,1
32.24633185817777,48.423867378970264,68.07533749849698,84.7715554095343,0
69.72736618299291,75.85055051210102,78.67652671574758,51.44733414642263,1
95.69715846307794,18.266321447202664,80.56144008612172,53.99252440937878,2
58.75217805288743,84.69879840863999,47.84137986256988,33.68605127273786,1
66.43448684342539,28.376977567780376,81.87501215280716,23.846319886623256,0
43.71280421998007,94.95528485722502,94.37792003312842,75.52320701755862,2
75.61208097430743,23.999121994354113,25.495399699265946,84.92844081210426,1
99.76673923386359,21.624777649215805,78.77227595878186,32.12447581651967,2
16.03893240677361,83.06884995286535,37.70128068540085,27.381918487565137,1
20.24052795037623,83.68316449327129,38.93437027484685,26.77917195450501,1
53.94377586643895,76.48834778931226,47.14793659327476,5.0595418022356125,1
48.137539726165826,96.44774175142342,87.73475679172769,28.107502484038104,2
57.15697845067188,34.34856658168744,11.985046057904425,2.565091696900501,0
4.907404772427304,84.39838650912588,49.05335861292375,78.84076224683729,1
40.4276456330449,41.68364770390788,71.20428846123434,25.592682903095998,0
58.29782620655608,58.36587630124066,19.93739124542698,69.01551893513637,0
58.51913513049627,50.10400267311959,81.30282373156749,54.31883855405562,0
65.73339617683736,10.526502040624651,94.77123381076177,83.74636299771987,1
72.02160290026637,61.701597418524194,18.184133896928074,96.03787275570217,1
64.15472033408565,77.27552989875576,23.76533240477903,36.7291614129165,1
79.0243155389435,25.709714521774412,97.66875024515826,8.834081988963716,2
62.47606346845917,93.84902757037337,27.807007670716743,74.96457643859227,2
53.75076625372045,57.73595854766534,17.104570813288404,2.1302326199183375,0
60.61964288878109,26.042140283598417,95.69732827563102,22.29633344862463,2
10.119336675333235,68.13528138251968,90.3360438828522,5.3250668473138525,1
27.315654072551997,27.273043766380958,69.0152925459818,89.81483716198154,1
52.73997806581312,15.718001346580277,59.6287834558798,0.5297081701572282,0
87.2987215401707,71.6783718177318,92.73094266724934,49.274216501523185,1
67.9051556287993,19.962539497494504,68.99680676002805,42.39991271589801,0
9.040807847189757,19.55957035387918,69.2556993383563,65.27446645481395,0
59.22749504444044,76.5949206863632,85.93170077817577,28.97440885692498,1
22.173798763709897,14.968200988726405,68.79211095631788,87.36954004694584,1
73.4016559788723,82.87922611431591,55.33091983339098,73.43457415813933,1
82.74408525087472,81.65338827830449,45.07493481086031,43.22944259922329,1
59.34562725899733,22.72540852699894,55.282050351211666,35.80262495125414,0
59.13626097517097,56.6542582549272,57.0230784178475,81.58882474975844,0
33.8591443210814,18.696294187204813,42.474869300642666,75.70602985357708,0
44.62500211613094,66.93140978073885,50.33065680823115,39.90000580240475,0
86.41083538153454,15.663701167349192,82.16847395771691,34.13718626101272,1
72.33203309671565,95.00327706904726,47.486203180829904,3.8887989662542144,2
51.97536596958431,28.695766183262347,12.300378997188641,8.170724544014563,0
36.823238624837096,71.46051903537806,35.47173895964642,5.391845555423469,0
5.037973828855435,21.546228193939903,30.856767768252837,2.4415486348026816,0
14.300740132638513,28.863680349409883,81.42238106487716,15.28723821407809,0
19.302518953937064,50.585468399503355,50.43637526246279,85.71418176805749,1
37.33835432586747,61.57865272073646,35.22794887316198,79.8159310755865,0
94.41436470762746,99.89769163525146,82.96343954574621,84.55738478281971,2
50.51533948587487,12.333360528184972,11.729512410095081,62.38003614254719,0
23.484016325923108,10.028297767967826,25.682575845809584,62.406310124067,0
10.575013746151408,41.533038524345315,84.42593374562199,12.393174655301664,0
33.8305524602964,42.95407310221779,59.558655489436234,69.89653536423867,0
81.57306355510569,89.54535124887684,79.62847971215324,28.002641087047298,1
38.334279341050795,92.13242929275718,85.43584132858699,51.92533297862011,2
77.25058060224134,89.24724787233869,94.77671397296857,95.47226038008574,1
80.27049761268789,22.8860875437443,15.70821393730042,87.06153943184273,1
11.082076969870414,47.08943516629661,81.93112689686248,23.319350729579213,0
60.865975262678376,77.12966460655208,73.78895333978514,73.66506157002934,1
95.90960633711107,38.13499610058173,28.632304060890327,10.409074995921108,2
40.21380749035539,69.69142256594961,93.85320397061108,2.6742485744032596,1
5.094408900302227,31.342857687198283,46.378169227575285,2.8174274781860187,0
92.33026902578786,39.107733216472724,89.88494747093237,17.024648421801235,2
88.3666281572483,87.43866844136355,64.46023341984329,69.49484020937929,1
52.21414472090018,32.54581324800956,57.40731518868609,36.33058934580187,0
55.225312034400964,96.78916781963767,24.357154050638147,1.5942438966691785,2
21.174110277612492,37.56336048431622,92.28948618585815,98.80226313768419,1
81.94507555446373,12.117529884094962,60.09957166260216,53.337840323199316,1
49.86000383921264,32.94108134223134,10.54831649471357,39.388021511131754,0
3.387779514255651,25.408444801908317,11.645608696325489,51.88498950488314,0
68.30149564489977,55.614426959579475,79.98693445162428,51.99709098585499,0
95.0496269802706,20.1444459695074,24.574271804055066,47.02365770929937,2
82.91504903457503,66.34439895208686,63.88645920653307,61.29489044649708,1
27.719814021053978,88.74091635008452,71.29737657405823,88.56266198683065,1
5.332508493334065,42.62669936233621,35.14290336536472,30.171369207708654,0
94.03514125381805,25.1643447374864,61.238242757027116,48.69686228459622,2
93.70627248797014,46.00224962059717,31.623287139016725,0.3643996196768695,2
53.24153197128694,80.73701393055643,95.16838846311555,85.98142813182025,2
64.23174116715352,63.2338906671636,87.41531407142503,30.590388891311626,1
46.26000607108083,19.10288919948428,35.92385123477222,27.12968983283689,0
41.976536709875866,58.346843889433,57.59330418553058,99.75371692110346,1
11.944843592870036,52.12768433100339,55.05695714385151,58.439293874518796,0
9.675289836109602,39.440103041904536,96.40209321550667,12.304324614099027,2
23.273214667618745,19.914453644799096,45.46259021654686,26.5524969893571,0
83.66407464065443,98.30007420582474,60.600479915941015,35.322658826631134,2
14.583230073567998,25.843898790393006,93.58359353986934,98.60600478706539,1
22.66986519147107,27.34686017116709,24.652994605890232,43.06216779148579,0
54.861405932220755,23.102442289201228,59.543704295050425,23.013398829280906,0
21.51312180782744,61.31737348290443,19.510562832564666,56.973096741281715,0
16.32066847177871,49.93026170344304,65.57490386366504,40.475965805701044,0
56.33162416979622,32.460146382390036,42.91148830483042,5.4960388141870435,0
36.80932709966155,48.648104471937536,97.08724658616406,86.09196124543254,2
62.61592858404692,70.61696659555462,47.38682630336737,1.5687527283303915,0
91.22053404086763,35.35304783487672,22.256887378753614,89.84836357454766,2
15.099313143506766,92.37211984273424,85.05999648355638,79.18587036018022,2
91.34336598130639,37.571161345993524,83.87800222806227,7.582321014241112,2
90.24899674229187,27.836112774056794,72.5373657588506,72.36110778130539,2
82.90875833359028,95.9111062185533,77.39306216958052,77.0941682139319,2
63.12859173060852,82.95045491063614,33.82436959204662,60.23070734286845,1
62.01466574655474,40.882386235911895,67.78481503805031,57.76708001561233,0
63.92126599365015,85.72886660294884,13.421788408485426,4.968702624797405,1
69.04955512178131,56.693282423842,27.72011295010311,5.949637182278256,0
1.6482200596157015,41.207724843495654,93.9051502797778,72.72886498356968,1
95.80925791606496,85.56504305852928,76.53117673743928,10.556517891890982,2
58.56037614655798,77.69485601779964,30.760528689033205,24.184410070647754,1
78.14658394024217,36.808735837879524,20.02447805673593,49.88365938233588,1
37.728183906136316,64.60106637321763,95.40275003816514,16.416367361268158,2
1.2397213915795957,43.24512011678175,20.096889945411945,78.98395605500255,0
50.973465987644396,10.094677530434932,33.136304324252336,80.73780237790886,0
50.719011931592895,96.56341672602514,26.437059369951143,84.2143211260892,2
43.69892883114518,59.466616846555304,10.671743837059116,4.956812077470496,0
33.971705416207676,63.858934149920486,38.272129668823965,42.78731612336244,0
24.982608780972203,63.990228310956546,97.67609844388863,84.69176727143358,2
52.754487449718276,59.55773147374625,40.77129752284208,36.321939030669895,0
37.52781396934941,36.104306029623416,55.38743915209963,69.58203783230225,0
96.99318830498088,97.44185124172506,77.13422055296033,58.92459041900096,2
17.292730776693144,65.95015712637564,59.59720918712945,34.72086167071786,0
31.9665567627087,70.38292244985652,76.92323566710759,27.640482909042376,0
29.3960470924571,50.93134815853448,69.54722813714636,65.27430920994067,0
54.330917623595695,35.90752604417043,64.77067206991133,13.3624137002897,0
49.92802569741479,15.791408395743641,68.46840164905706,86.01225190877587,1
64.37404654242731,41.52071769110976,81.92479258704259,57.64434410807034,0
95.00017705742079,25.84876863415529,73.91722553209937,11.150350512583918,2
28.522108549386736,69.58794414313107,81.25974286346724,70.35276451933636,0
69.27715692549965,89.11034963224475,23.10378744551782,43.111254988241896,1
2.5040203005183614,37.247937242108705,70.99063594394863,20.40814153631757,0
26.238847273362452,39.95943628726419,76.33197210929798,96.10692929248661,1
46.371972799659275,70.33280534461105,36.99697892471511,71.96477850144257,0
3.099478848113446,23.434429081711272,88.71195950589541,59.29936233279961,1
61.76694605536389,93.64936840099293,37.424044297243036,84.88671810593617,2
67.83106084017082,42.746210292293476,31.944890743884756,54.38697898821526,0
74.67317148380467,19.10795013340972,88.03871339324601,44.14706123329039,1
51.65745048430123,25.721560442857736,32.2317854304784,18.94468598607083,0
60.394466497862666,93.94714684067122,47.39522161886201,15.339042511817869,2
39.60652512784873,32.2407359532118,43.1130547033137,43.19693163718482,0
4.125303250656254,69.60419234481577,90.82556403024452,45.59745790275158,1
9.995185577451304,24.05487011844386,50.97121644591678,73.33125052307273,0
65.49959242014641,27.469152311389994,72.48780399665941,44.20850100368764,0
99.55552995857762,89.13143970099797,81.46350141794461,59.315920056541785,2
1.5803239163296179,23.322989809230563,66.51132226724586,83.25185240762461,0
55.758349682638276,11.687552806265124,94.93250484924232,99.33346955105418,1
75.10087528825579,55.110987057364866,82.22567763304073,32.25253151512825,1
82.67748280138787,87.64541319366413,46.018596490737686,90.19544637283687,1
54.52049012226401,39.33919408740623,95.57306589319148,80.60508718535989,2
61.99159801841051,21.534604358113945,57.21173499442007,6.800669031955309,0
69.67249452745534,98.4007746609074,12.031959065040631,33.41589308538913,2
85.89662496934307,70.9064766540472,33.40119516876071,21.904295983438338,1
12.228953720281865,86.56215687533408,65.95566283335398,66.43842724229981,1
92.61821962748634,77.69244450960313,24.113341209199305,55.52991362176882,2
2.6017403551570006,72.8418046590271,62.566124040388324,49.485105258955365,0
83.61997509577753,44.610766041782824,42.54382200767768,76.35637638075775,1
7.674042655969727,39.19059938832754,58.09469320524466,33.33086958119834,0
19.462821160492226,74.52627363050267,10.16873630859276,38.27522955532656,0
0.38941463811326127,74.50417073595071,86.35792192018286,86.56339482254492,1
44.525670553604066,95.5529545644184,42.573293899797555,97.22085092600065,2
33.43592267173923,61.179383606349006,22.614259085015775,77.63573407678322,0
16.599291148702733,36.51589952089061,49.412427130457196,21.707097477722627,0
45.10901608039063,54.05759193974297,53.755956413995065,11.265163216384732,0
40.23708831721839,65.23424350533273,67.366243944657,20.9205147765802,0
76.76610326987415,48.40568196192212,57.21061963170518,42.27613650228964,1
89.31303060700324,81.20198110235934,13.917122386035636,23.669702774763824,1
65.25672517670819,62.61518909942539,88.43610898699883,90.10411480720117,1
12.441038872652388,10.84921548648855,51.085803860826516,67.07229017674402,0
29.539079470985065,61.28558994088076,16.928899527970803,41.67292447830141,0
91.33182968322798,67.02434073476749,79.55454128762666,27.38117328615608,2
8.873449300788916,92.37351263896636,69.41389769047615,38.06610051409643,2
40.68558393908265,47.23495062977697,68.44939954922995,47.605059536673025,0
94.25046192334813,61.702089334422254,48.422260156200494,71.38223521757287,2
95.06648414694857,52.749770564293655,46.944735635888954,8.93415582288789,2
41.120317704889246,57.849078562199686,58.27047727486085,84.88329397889457,0
66.73968880987974,16.05736636020968,14.553497160919294,12.756003113018,0
45.6745598353999,90.75553007797913,36.90619877961288,26.24500819724379,2
75.34605394363417,91.93711058484631,98.91047562061361,99.35898957725838,2
3.158133069299851,59.32536488583694,69.59732402152682,19.020863404425114,0
14.415714892135846,60.0899964148851,47.70407488755899,10.114218778634566,0
61.419880354359925,15.180043234955907,30.012679264640774,63.84053019187983,0
23.25522624430636,63.81554618077811,77.06884257102101,39.31290798512249,0
66.60522992691486,48.623661089124624,33.42612787355722,9.183543426850871,0
35.12229274612984,73.81392672109936,24.61330934616658,0.3742428349045035,0
88.66455581278214,14.241242493601515,23.906341021085854,7.91615763814778,1
81.92593855599864,73.97989144565408,75.63369512482592,52.27355787719067,1
49.28378000687822,35.82044414490825,67.85292288598457,23.089294513094227,0
77.28950870948577,68.65347974077972,16.282548943410756,77.75521343189499,1
27.113788623509038,66.44133777809107,20.353853382598224,85.7508633071743,1
49.42597768118626,30.415733616900926,67.04621806182195,14.483301771529433,0
19.748205186327816,49.640711069464004,61.40044916849431,33.701987073447015,0
86.08861685209939,85.2069933147992,71.73991543346321,14.657412546819748,1
82.30676165684149,64.50324792352964,26.023501752693576,28.66927035819472,1
90.21496684090012,16.18644717805703,75.39291155954504,23.92044187505713,2
87.74769812242594,49.86179481887467,94.24868205974947,78.68649009371865,1
95.95962620594948,38.059431290012526,64.09452830818971,34.54796780140662,2
22.833623163192595,67.74811110204695,27.651701767850547,49.55647987441763,0
93.18242907953154,65.31075471657347,71.15894697556959,67.38951054729814,2
57.12131913519977,10.935829135912648,40.87735151914579,82.22566491521867,0
42.24950839181522,64.69259584766166,14.435897174714928,30.12090903224518,0
56.0373895967873,76.1364688586443,37.21048258172486,20.922066770401916,1
34.260235665027786,79.18570291614179,91.50265917551188,97.84533737558677,1
28.85530069609521,15.307819335096504,47.00253881583777,32.01475446474969,0
24.131433797752877,37.329257539888204,87.8198804227983,67.10680991808755,1
8.242798945712682,47.91462044963715,55.77934091705124,67.78410406778043,0
49.656489714718745,26.179453701542062,56.528019006364,51.4029445599541,0
88.77616757138874,47.866048404850886,10.46946889584049,22.844744548455697,1
63.01519692743847,16.40165822430331,67.3393665960075,14.145742095417624,0
52.09756327557735,20.189555470634645,19.70324605273782,48.70161449144311,0
42.85929182509165,70.18252865590776,53.087357321384886,51.0929536711377,0
46.4401626317192,33.631521504413946,33.4285170092289,77.33667567747976,0
20.927734757195093,74.02652627316152,45.31446692463834,70.98334439521935,0
82.29358771930973,14.329767521500118,58.33696201001207,91.20412788358666,1
19.838296328152804,60.64327477391526,11.301770314177555,97.08605618876317,1
71.6622756727313,45.23037972281563,35.612522494446054,72.78513261995407,1
75.99850114961527,81.72742527239187,99.06507408626784,7.651124883025339,2
57.486904202773424,80.55564221850057,15.165921323850366,40.511830921710256,1
86.29263749548285,43.80036782117573,38.74541393416315,60.88023698406829,1
29.105035245065004,66.04426126789429,38.92793274681834,59.01950714499576,0
88.16172212428633,30.47939819375393,44.144732883948635,18.14437858305982,1
72.94104595993042,62.23661525623782,71.63028265981109,58.294472945087136,1
79.87498277617607,17.31382245527702,32.296941881466815,34.96805078814441,1
66.45797095273142,49.114385570674905,51.42424097224475,33.89268448437159,0
84.63430169899694,26.44549133842982,68.03772101672043,83.40070053012361,1
99.30988627176359,89.50430638823704,39.00898524957297,42.193315866822005,2
42.01628545246386,50.04107361701486,95.38953224529291,52.73959540644526,2
81.39156837095703,63.16963737737814,98.17053714484132,56.287286103447876,2
74.45797595180336,42.434367429700934,20.770621091876002,56.29967798516162,1
45.2870165712018,35.98669317158226,40.94378959607291,21.31215137833721,0
92.6948999732512,28.262780475538023,28.71748628258278,59.94533631490071,2
39.44259295725947,92.06844244003176,26.811063600140365,33.46236089441196,2
56.546591627623755,81.95192041842574,54.188185450445154,65.50202945961696,1
10.594235699096155,21.993502998792778,60.7444397321391,14.569759896572709,0
22.57751940662662,77.20523886626185,48.30868365378393,99.41155946336696,1
84.06961705337606,47.667769933298786,34.52993857876247,77.20432914533956,1
39.65527228288474,11.385698946451287,35.07594168282757,41.72514334843075,0
39.40840894152582,57.553058833859986,99.29153407066578,30.135185086428294,2
24.598101819062023,21.704179607637947,93.13096365912254,38.78020348178458,1
49.16103342974544,28.89408817842352,16.830895689042144,72.12082727738749,0
80.58169613506224,72.64368652816836,69.0895586796513,65.54077995845653,1
89.51641177737396,33.142783342707645,51.118984673635985,70.20925120005874,1
7.011443204418388,90.26993816576349,71.99326874792459,88.89991954515392,2
57.48207312401155,69.1452782581753,63.726463498649814,45.62952263104093,0
46.727336789233455,84.90551364197282,90.03271600741758,66.95211484476647,1
61.42818504715783,65.36705844971657,16.02894828599425,44.15079549598683,0
44.727568690826914,88.19646319198142,41.463812085193496,63.80980781198765,1
39.864482085341514,42.55162075199352,98.69447131980263,47.48236369629472,2
47.188071242948936,59.422651919702176,26.40568140915551,77.66636273378931,0
58.19991287564142,56.43013603999002,21.460009555598248,0.5260123283733042,0
50.09832110317768,91.34116372701735,75.6074805400518,21.571095578978184,2
47.214445102064616,24.842386774775218,79.96916440157172,29.643762516324458,0
81.78353099580808,62.02546868680232,70.50461929071942,94.53945062511163,1
74.56479912378578,77.89880748042823,79.85762458839328,50.70462129669179,1
34.13784941811928,43.30447844802943,72.4349414883855,36.435187999814126,0
80.05771175153204,88.08233721543787,22.21936140602591,40.431211561367185,1
85.36506690045002,43.57132903699607,64.73997077306564,45.18222834325363,1
15.34922053741905,25.59778839063245,79.91890143035792,86.78303901139711,1
58.26824617307588,62.564351986452856,87.8964945692021,96.23358656801379,1
28.531199359921377,47.85112090335812,32.16117184153369,84.41646397402306,0
73.91723219267226,11.367109421380409,21.46876848446847,84.16567634189485,1
23.878532935868325,16.28547332441529,80.29813992243217,19.90151109554612,0
67.14035241730318,27.5749462185931,33.08935105320988,26.867807176225533,0
25.51246560576339,79.2396963566337,12.87365304887986,59.60491805580991,1
51.11437634299432,90.28355644303736,84.26922072843738,65.6137413441311,2
94.86464679161921,59.10767866128002,55.5392020429774,20.27053734460813,2
38.13075384564345,19.500891626271113,39.39698191855798,74.62818727465174,0
87.57384859632077,58.09770570176614,11.028619470839425,19.99635529195868,1
98.69445812038946,87.00449145372505,13.179470023715291,26.30106465894142,2
87.48508488051633,77.45298662103306,81.33609435042652,30.679553798161063,1
16.586602972334287,36.19883473276374,54.0735296468378,84.59914164903171,0
81.96582195351631,21.150154835952204,23.474984436681414,73.20838968708833,1
3.214939510056125,91.06135297860187,42.26550645241163,53.068543572418136,2
39.33018836993079,86.867987196899,24.87746327837706,81.97492981348951,1
87.07333733178638,14.83438286307032,20.159339786234796,81.29282473359235,1
68.87522127599198,84.13070408421078,34.867703860672925,38.98330959487234,1
53.27404273378781,18.749137400644557,59.455769271615765,78.14372874874199,0
38.78640250826205,15.695527006183331,28.90059470310042,20.624277200165753,0
81.22969464702861,78.27408074316335,40.93039731562904,50.32288499555093,1
70.95584039482209,58.267955973246224,53.01377955608137,11.824173038867036,1
46.840531961567336,47.3093221681287,47.80267652648367,42.6794485591258,0
89.24843372096598,91.34759763784197,21.576501920916066,52.03657697671906,2
22.994801781863238,85.53732148609784,13.497907198229935,7.991835791607027,1
17.03915091586249,15.186112439235094,13.191285425404503,46.26127617317499,0
64.28037643335816,65.44785177470551,41.51611162250806,65.1670542960133,0
97.19943427017704,79.50406628867124,74.69218706835905,61.408823474473785,2
24.72565733067703,59.54415217974569,21.81297688563436,5.4353887891057,0
24.96703789338265,98.47049491685695,80.8282104727983,9.533968590820107,2
13.949884796218992,71.74427541827934,74.41068783824531,35.1356245955141,0
86.05635552736321,19.37287114273228,10.354914179705007,84.26857229161057,1
22.639754041133408,27.84682107999581,12.40730856836606,86.97560531673625,1
50.31785267248878,84.36210590795157,27.552989398424646,30.9612869707926,1
99.08724780022045,99.708100582987,15.050881994552654,71.88920852414564,2
1.2140900922043563,18.850534018515074,57.82087947432753,57.73905923516431,0
55.64860905107941,19.029638606054355,13.56645353125742,98.34222587594326,1
51.22890427049458,78.7048348728955,82.23812541958578,9.464391228969172,1
80.74473764101548,15.79188535448856,54.36658620512295,54.788074224025486,1
35.528153955277695,16.17041044583627,75.51589300052298,59.253764887125385,0
41.03413588990416,89.99348347086963,77.56322958422571,30.76685709511161,1
16.793798059886367,82.04048310866058,55.60875457032094,4.695324749147078,1
74.08152316357867,89.3406879877944,93.28265886281196,5.210453568782603,1
78.47089091881483,68.54620619194783,99.12166964697772,45.36180542006382,2
13.666332077883025,39.02827797449726,42.32932174130913,69.24737894439191,0
39.345707398832175,91.5681871299512,21.32777262243102,70.01757858031274,2
89.2904995362683,36.88511724769886,42.69143607830802,18.09698497218242,1
0.27072736757871585,34.79597555093644,30.10185073128431,85.79721410057863,1
29.87590706226323,89.7760377273494,57.79051003555751,37.71624259697449,1
55.50422850525477,71.27403332438871,44.05488411271613,96.43679019724178,1
33.409385965995334,90.61048762383184,53.24044728581118,11.815963442563682,2
27.20451891776694,24.031116032857515,78.68688184684014,83.64546986354819,0
46.003748490321264,95.70671179890682,34.66188770876669,90.83381532454477,2
18.152310810969375,65.14679410302944,58.372725217575294,82.26755261437314,0
52.96252409594838,70.12315396840849,40.164512439581955,80.8841141199684,0
70.66959213132259,92.26545222938064,80.64647777085952,36.1310015404945,2
57.52949526285022,44.26776772251658,67.55829691669267,71.3343106720973,0
9.31093308585309,74.7617495226276,10.765425745954966,57.934656601130044,0
84.44086141655733,67.63065590120357,69.40462069946966,42.44791314312184,1
17.49778374874882,80.89774469793642,25.314580725992407,99.31116960536798,1
76.48120006111286,90.72485126499765,75.20264111827353,29.04547181451199,2
36.05651107758504,71.20547698870851,61.060480016091226,41.31440221877841,0
78.27613480561023,16.087559905275793,46.13344099508572,90.28610373381174,1
20.627290340534575,26.48263112648022,72.46597862865326,28.900827909627413,0
18.66621036954298,95.85803640403756,87.09339572819022,15.268114212853778,2
49.70258462174822,97.17854260395036,80.08693424758658,30.999974966948507,2
3.2936014698360494,97.06719823285262,59.08413489147168,75.93116771017911,2
22.529733878233337,13.311946036010617,75.04248882335767,85.9854009702266,1
72.40122521843483,44.42033511544764,47.25230989534782,11.44449876223611,1
83.73834783054255,78.37054335891965,81.01235094068159,62.17126810748266,1
8.078536393781043,77.75972232920478,84.61467024605363,56.728690559474295,1
88.20777094381043,17.731801445496266,22.356445318875885,66.87977855133651,1
79.75172040531791,64.85399983805671,31.422822363455165,67.10563711267959,1
86.96842957069654,22.85826566867717,34.298986361424255,95.94674702665283,1
69.84285545788399,54.3888399581014,24.94735470838824,34.65292084267393,0
67.41530672939648,31.571713075700934,45.328150620767865,29.97669217357788,0
52.50932333448638,14.78450545612549,27.372989030465106,58.12252858218252,0
65.2787224491315,17.20174829739486,63.598537983394856,42.941845923866175,0
91.91096645666052,91.98036547569174,19.145389860785436,47.37542723125783,2
10.052200141670841,77.01813677813807,34.292723772408074,6.927699350449279,1
31.57644778460912,93.86415835956554,69.89685813517211,14.824217695359298,2
7.245497359587183,52.29909391001974,45.86906108200143,93.53749365928618,1
94.48051719440384,47.196324905752384,47.93164676680669,6.8291451670121734,2
44.5265465999388,42.2566563251886,81.81327276625503,59.01455926806209,0
67.53444706761884,65.4676386446881,98.60603979618878,75.45750290178901,2
84.11200645043215,41.64034482742002,60.856100492879165,1.1863528440827498,1
99.10002480764885,77.16459105838055,17.1160454317247,22.274814793338482,2
16.178245779226575,82.11855935942759,19.261267680127233,37.707203084938676,1
79.95126057182287,88.82601340864429,97.16506498264745,50.68174470686685,2
88.74228981367364,31.852083722074955,71.13114214736244,34.15952947556604,1
4.887537685087562,57.43198443631378,77.72222065004374,64.899925814905,0
75.40905601855734,30.110015505685496,70.81873819169873,22.639751725071267,1
35.47253211965503,13.380024107830703,26.165584152563795,2.5482936429019,0
64.85967914704321,73.70427737528539,50.35259447422858,0.15710508182541494,0
51.40481960388647,59.40831465416122,81.82723938574291,34.55120119496342,0
25.974225208663693,75.15345515977754,87.9726666647866,36.16627991942472,1
13.522136200398604,17.88606202658834,31.360196327173483,94.86041173865439,1
11.694723308920828,99.59735611557478,63.63656117504385,4.47807125202363,2
10.33228577084917,99.49137102523288,24.139171246460805,53.006506013518106,2
63.77900401345777,51.84998429531614,96.24491858095764,57.78133142638463,2
35.14108513995381,87.94528436654524,32.69838600932388,69.92750118977196,1
21.663343820587244,31.921170022500114,75.3971615743507,63.873460014066055,0
69.1885092705903,76.38095451009673,30.80016498041689,0.8139493723942848,1
68.68495657664668,89.13032711322091,65.44485485906876,63.185767340901165,1
53.91682923569977,83.31996394727007,69.33378763203908,32.23879396997321,1
93.49578168658509,83.05966704170417,39.55852931092774,77.28689613478019,2
38.54142314414213,51.672396887997856,83.6950478883446,18.836538613569907,0
83.5862971269293,83.79909530008955,89.68338084227055,71.62056519771794,1
7.513940793219631,72.16343317191703,86.95629372285956,62.5495333689061,1
73.98310940385045,21.920625832978395,39.77183975182456,65.2290885327475,1
98.844741383193,20.27659636580681,76.99062331113886,17.594768708755424,2
84.65982162878169,79.47299223411758,60.35416793823018,66.91740013324623,1
57.966471931005934,66.29176798956314,63.33654920428105,73.69784086419149,0
62.67660643271606,56.74385054722397,52.96825767326156,48.94102612378056,0
35.32895494369468,91.65356117639453,64.02350331719845,34.036568298754524,2
67.94852182581039,69.36313211840968,22.2088742232175,16.655484928817586,0
77.0395383181327,45.653207057947014,46.796250980570974,28.996052511074055,1
99.82284811178539,47.25386273585654,25.99045857891514,76.3828362452521,2
49.2462917000433,64.47199247358265,35.20949778742832,40.94007245462558,0
6.130406577344227,78.42477562177136,21.50330823299204,70.27132419932576,1
59.585795073098524,60.79179762542117,29.124604469981804,74.00913249984868,0
11.902414998216859,55.78847939972617,80.37363302089443,67.41702241242896,0
24.476504355611006,75.42106323887637,59.48528159599032,67.35384236829485,1
32.877991130573726,73.47380949163326,12.127880666101149,61.08082043260515,0
73.10298731484106,84.7312156552205,80.9672035421904,51.842197871371354,1
18.380812387850053,15.629660764956498,91.85215563365415,19.781668687026976,1
16.575294684235253,77.9456918873781,89.23863482043738,84.28033869218503,1
4.496424249882747,56.2384405856521,84.07151945859896,96.42641724875953,1
87.32399363538809,16.72238080298367,99.29947985208432,46.64840656001663,2
69.35054243560607,71.11090253525677,62.77617599841397,93.32387558846558,1
3.994646561762649,74.48861746017485,96.63288656634144,99.79945377232833,2
2.829230563811458,57.1264452590216,95.39598092512847,48.61959125858206,2
55.86742964750561,81.44190798847865,38.191485745309535,72.43553737499681,1
28.2534401286711,37.022329776637136,87.70903804502838,64.37903382505226,1
59.67263504319288,28.17164966782925,81.32253990028994,23.726481600074724,0
43.46041756809653,41.56605565689506,79.8218899660977,4.708944375431878,0
92.33125623102546,46.90454619663798,90.66526941627298,45.33553111744568,2
28.780901496136792,72.6340242161952,44.577100892827694,78.72049973962723,0
67.91453684388935,86.09679440904048,46.00494692986437,32.513466268969694,1
5.405431161859919,74.88263710708088,67.60470782832728,78.44387211931844,0
95.58605341889253,25.658880316264135,76.40240840329079,65.48016819629555,2
98.07574679083521,42.959537632023164,89.17633923918531,69.55413518175872,2
73.90746290164124,24.25723421030002,88.82607885933537,28.574088837738998,1
46.52124715635731,71.80517796022463,74.92056619476338,47.00473828430469,0
21.999343932726134,32.335469039520476,96.12035000393705,18.170380002521714,2
81.25163402479647,57.28482395666621,26.076575705161805,24.65805280797264,1
73.63540971470222,81.2646858875216,95.53058624620776,8.985004309241518,2
22.195403956094907,70.38453474294536,15.77723338302594,12.677340629620804,0
45.12152941572657,36.85365915986195,60.00596930727264,21.051347929583653,0
46.2798937816785,39.95800755547067,18.117726130731,58.023421137583696,0
82.64105499727091,68.80278579427286,61.120087767832274,44.12111195476398,1
68.38446843340765,59.45209744059497,45.10987412101475,26.693951256556204,0
64.31675435400551,18.675413872303995,17.34484883521482,86.11124468976891,1
64.98274225632784,88.65924303461915,68.33051245217695,52.514769134198616,1
27.04700793824789,56.135192324826576,75.80781996605576,92.31094736357936,1
37.1711259829534,52.60249118777188,25.676687225798318,63.49649622775677,0
4.566228543670614,27.85954029690361,72.4993047377892,1.578759652871664,0
78.69411358121238,43.929443707348355,26.11427942329596,91.34756910156952,1
43.29982151698138,39.95423760835892,22.365680438374888,85.74633356808263,1
43.82383570875735,34.366211454648415,23.262693987227117,63.52712227808992,0
24.53562649336267,61.06659171820958,63.91706220589014,53.477355573081795,0
20.94272814594289,51.60478242522538,80.09117273139428,45.292607331858505,0
58.782192956902925,90.02779167832006,63.72043313264322,48.21748457668317,2
23.255301520367578,94.72095793424448,82.84163077164206,76.92206408423498,2
6.420885156546441,29.75260863052818,63.23296069633323,51.31416023586858,0
76.75074159808983,19.009488589048946,81.7589122613638,17.602469870244065,1
37.64694344063659,80.68037963389745,97.88702510199705,5.817756717299272,2
38.02355838993044,99.53752632747481,45.18638271714021,12.618627628651247,2
43.131828151579136,87.72400628687387,23.494795923420526,25.144110883738612,1
81.50448234080937,12.132766190686125,22.18571305344619,36.77341214397066,1
32.08368959398171,32.61371956358194,63.77298369909383,89.24160121752087,1
75.80362112578361,13.900804933713752,59.239275926980774,23.9087232199668,1
93.95448407795432,83.870143933705,26.58118406878277,31.95985580025348,2
66.08681959247994,62.32662786630847,89.38944664009061,22.301453952677385,1
43.16810811770247,56.23466870503485,96.10735316087695,54.57418187061334,2
74.77897231466648,59.90048937968748,32.78940787929715,61.708669629448686,1
45.78973697513855,32.7206132826932,28.61946378109603,53.21275318971607,0
41.44272711081408,64.14745322249766,29.25296670767925,95.18566512169402,1
52.528316357268324,12.7600280617627,44.867937672222354,99.53780176541242,1
31.77223348092938,68.14105515737558,86.79044577690517,83.73959898055632,1
10.42502162800012,76.09904471609477,63.636454894700606,80.52961448903022,1
41.48520055261652,70.57236373406445,16.079808855940293,36.60527767496086,0
12.385688112930193,39.890576648099824,52.56811766548605,57.97835061619983,0
41.044147355544666,84.36366236147884,18.12985147252833,35.147241894888516,1
55.69337212134503,74.39895974057339,46.55927026075961,78.43558461737393,0
93.07111812056468,21.546759063185007,46.31681280729853,17.1831139091836,2
3.622233104530359,27.562979848448354,68.3517399138681,21.667171429464304,0
62.145840650194415,67.33975718604148,59.45085702667909,3.869407087030885,0
45.77351866500773,36.04745202004236,88.72793041051774,60.89396733379924,1
2.0261128204139167,20.748964730161326,11.46476643989251,68.8538258788957,0
24.954817593872036,23.947209383490296,79.65989398851842,0.3362286231378797,0
11.848525235480157,24.905546248636057,12.039250686025756,51.07857639942506,0
21.679414573144474,53.001181613654396,37.38608456287294,37.68745384897739,0
27.457024346091817,64.66469080865477,89.16968243616071,79.23807818187677,1
40.13063353821963,25.876204736897346,72.13727545094096,3.8890745998643395,0
52.903939348889025,74.12469493268989,25.479701052952898,4.8565688818078545,0
0.09899939263861013,35.291134675137556,54.170608970074866,62.02090987258799,0
16.18693606287408,38.040232455456476,74.97137628801872,59.16388545797639,0
9.356638560880072,30.11487589666968,94.36089892055764,83.10900229980103,1
54.96733992627437,80.66855223488719,67.08890792963834,59.22668891573611,1
32.90748704012698,96.38324496431893,12.220787028963455,94.93708285915014,2
54.83977360347181,54.324986381028346,54.97316737266552,31.43846422344221,0
22.182330217467783,13.782757728879298,23.766547525374495,39.79214064048002,0
2.4229354087584865,33.45123847829283,14.30015954274292,97.76746665029165,1
94.13669012702468,24.224526200696147,63.86595712134258,10.752424337177812,2
10.830812118899402,85.84860563668161,79.9229712259382,79.59048531962796,1
12.685874796171682,17.636858868988465,13.245449994676388,1.1568714660440294,0
14.65468265101405,96.98286166195454,80.52303438689675,48.65132494033523,2
98.12765239932727,62.966239896216344,73.57490918303579,15.340233736867448,2
61.76602401699961,56.59658083667469,77.67881993515252,59.886170372806504,0
61.02899517038506,86.26155601772682,32.02555354441304,79.81699697078281,1
98.66982015185296,12.479285916231055,45.42359099440862,3.304230235068728,2
8.843876927465477,79.94374744663087,20.77757444864971,16.377272659174523,1
97.45008925422891,20.49436410116649,31.500185521101983,34.26103811619024,2
20.40131465540409,85.67002890463888,37.2510704329687,25.579896585567397,1
62.30715035620354,57.625859731407566,38.74929755831075,38.32198898062551,0
42.008356530279165,15.50164621240826,25.753589928713062,95.18682998174518,1
38.39518134771782,84.9920534921192,26.9840618264029,10.120612744024049,1
93.12433284794625,12.458270536412648,91.13233598129442,42.32821086657721,2
14.922772844025644,22.453362360424315,80.55042533340452,45.70913716075828,0
99.70690110762436,81.8042071443966,41.00299331422936,28.03420518291627,2
37.912506109154855,51.838401147210185,95.28791855328646,27.850655768756972,2
64.87749038885543,89.32498339193504,31.50304415130915,71.47521617493207,1
96.79067314833601,67.18863455119751,46.61384081050456,61.78438426509827,2
5.760105037897478,66.11758789333672,83.21727802911136,81.28320197331531,0
92.28643629251906,36.30115955188134,49.8597733183264,40.50732224780522,2
56.78113853543433,22.03124711965602,31.116279061733138,60.67110269796731,0
70.43968789774523,96.50551518070144,43.16819208593395,89.35881406825845,2
14.918418388634835,19.43179202290556,55.06489651372134,85.13284717163855,1
53.338743083103225,57.610954006621085,65.85799452943036,92.00233924999588,1
67.35137147252436,34.53117317513022,46.5045849623371,26.89750225282249,0
45.62473073876818,33.77265972233093,48.817389800797685,98.54211845321203,1
15.498517810605673,63.51275973725318,33.754925152128266,81.63899154714166,0
24.41190750855766,81.8140705460982,58.18125685756705,79.48078060413033,1
85.43927909934985,79.94615345481508,29.751061039259174,66.75786009586592,1
3.447099283276278,88.19215202741981,88.07735962972683,98.32679733720654,1
70.88620784408124,36.36124641211304,77.26303632396713,44.15632280464804,1
99.93900365145268,51.91762435435664,46.92510895727657,74.15393047624107,2
0.7482996106766615,10.840111589802246,77.2505062329563,69.88112879885215,0
16.10456828199399,77.21718608227289,10.629634762843573,73.20889064470656,1
67.41443008931344,37.210880092805475,41.004030037815696,75.14648141692567,0
5.999083458534827,60.53441799431678,49.62710333321097,19.07558911212134,0
58.97899838558589,25.237025381750563,52.281865679112755,34.90514697024023,0
68.40001035610561,83.74595564208957,77.38583299393049,39.22539958259049,1
58.81463481140702,83.554499735045,96.65266848055424,74.7999813979962,2
36.51847030210672,88.970762327766,44.19974173985227,71.62479757193043,1
69.72822959866389,14.134329739605054,41.55398645750873,83.33662052357192,0
59.42944280138205,99.32128387975123,64.94637039223565,78.85191578903361,2
20.763717209391974,32.30014729957251,35.3128252772421,59.603387938941076,0
56.31355435851098,37.84903174426145,22.721530043367032,13.994848648744252,0
88.19072171389276,32.44021562714015,96.53867834429788,63.54552592323651,2
66.683328569045,34.07794285298792,82.85769611281198,88.70592836374792,1
47.17915073938471,59.7395220493282,96.26495977217151,64.31743633897312,2
32.15841028694511,31.58294898734016,29.604959081552497,89.56264285777416,1
8.588620943757286,45.43941802603643,11.602829347270353,99.90530181368995,1
24.46271327590287,69.00459241988938,49.353541816429576,35.92022330235329,0
1.1186753086876888,85.24235832199541,94.02480666924231,72.3289694347851,1
98.66259175249644,72.34673502401915,22.4492804984583,53.995863260050534,2
22.248225212873997,63.48905603085909,20.546697055113853,45.497180070816555,0
81.48759426853726,23.295570628696183,16.205750582125784,23.986707869246114,1
16.86448818049786,83.45040413871543,78.85161990387773,24.5914595995931,1
28.360114960557393,13.354739919373483,80.7333880450185,18.4972286759971,0
41.827731922836676,33.77724969117719,72.58384500971177,63.14835064989415,0
32.44056641416051,15.135302523876508,14.796266061010249,14.205309664310306,0
79.83508127598611,70.06860780260163,75.09595022336835,43.13864698170507,1
95.76934080154231,43.1533974334163,50.37659276155185,52.33332392721941,2
87.52944836508485,68.68436348843801,24.210497974294448,43.82344771889698,1
15.357786694775655,41.23278633732313,36.561340943614184,85.49295134739165,1
77.66886763492903,51.01666577195448,55.10321559396648,44.31693597938603,1
14.794691330471144,51.216490914956275,39.668632504271294,8.283209296430261,0
91.33811065621013,14.102258830079014,97.2774304067433,99.21995411726473,2
51.787857566857845,48.72038737114032,52.72675675364793,84.49835910602127,0
33.638108805670676,67.69579268036824,43.493545922692924,66.00434854059998,0
15.70254973341928,59.144702146789044,70.5848886071233,75.63236208086074,0
1.1809088179004612,16.775538965045854,68.54905511703234,12.81906997548441,0
24.794699166088474,70.1250387118074,10.219535236474067,76.59147941031748,0
91.4020063281312,37.79764794237349,65.66263284706687,20.774894171209514,2
79.72621922722276,11.299132250111988,31.93920772921303,48.89761295739758,1
96.97937077507194,24.00360013758207,43.77102774291294,17.798278932428357,2
10.076152112137304,54.78036915849035,73.57140016613599,75.37849643321918,0
59.217874350566944,37.93614931270618,60.16475989096262,24.59338805124469,0
25.715047403077662,72.49447123781957,43.178962973958726,25.320841849169273,0
54.29417057724074,31.6588128009188,25.066931665341166,10.922234934029905,0
32.04548855634551,79.55165516276517,55.493396852297785,72.06064569638717,1
28.34655502433575,35.7829463254582,38.74294211564829,29.584463078087786,0
57.38453020245975,65.87773368259741,92.16350275672676,51.828001320196734,1
18.33181618695403,81.92947422260622,58.09119762601456,33.22435573670393,1
46.91334369721169,44.7000515779374,87.93675947533713,77.47012588222333,1
65.08122650440347,14.212444763392341,45.11629256351602,22.648365649400127,0
12.818207318280406,58.19009689529928,84.46934474091644,94.08345000463918,1
93.05942708769041,99.58681553900503,15.088321195487076,32.13399748897076,2
50.57246994541248,97.20926797392222,36.830712301121345,10.385162129075065,2
81.95279718843422,29.89199745497514,17.035833974022943,24.030523281493245,1
65.39054306210633,78.01268584818271,12.848516264338652,7.394092906717519,1
71.00009412225455,41.04566486380594,92.6976020790807,46.87387309924248,1
71.6130940992838,24.424523216478235,74.51818699597119,25.025122072346896,1
87.50998970614727,69.93232305422438,66.25990580216236,88.60460444448763,1
61.36054350469241,55.07818565740921,57.92435284706497,51.71286202201464,0
27.821715172138962,58.53075018901096,61.259863259515775,23.33684487292863,0
9.950964286545716,84.46533960119577,67.48213432478082,45.12703299049414,1
60.625061945014146,40.28893082986808,84.39218152660929,19.599427214042432,0
6.6352803770581055,70.03852836000968,63.71997002159754,17.872937592491844,0
24.12934516895302,42.95723202663628,77.37226867997941,30.0656470133444,0
6.070718460191172,13.845150692238626,35.28802466467614,10.830146476894676,0
54.88875890065671,44.0213596602714,97.90855640348249,18.864753691089064,2
16.033812494286803,95.50310168837211,12.870748759332603,93.8046872995422,2
61.040731943347325,53.493623387957534,44.791893574958394,66.6802634697462,0
79.08651308632676,19.740739315318137,89.38445963533336,92.11026634572657,1
82.18807207718623,71.90441464386032,26.247066641757115,25.684694146778376,1
30.954350813762744,96.70414147466691,22.720428364029218,85.70133358009238,2
54.895453269449604,91.71507218898314,42.888769020992214,36.22728068539839,2
56.301076008635896,61.47647540273248,48.53752304651447,14.419498112248563,0
47.28871821541666,43.86526699136781,94.0054654595555,80.47071000041969,1
65.51138914247649,62.260990165831636,85.2507581237939,5.965013186275014,1
21.008712382353355,83.43379559793246,51.76806739214627,40.48528389349663,1
97.92432395867942,87.51136078166088,97.56775907934427,81.93146685116434,2
9.807982709093244,83.6959496448197,67.8050563743158,61.71849254465093,1
